platform,slug,name,url
ashby,0g,0g Labs,
ashby,0x,0x,
ashby,10xteam,10x Team,
ashby,1bios,1bios,
ashby,1mind,1mind,
ashby,1password,1Password,
ashby,1st Formations,1st Formations,
ashby,1x,1X,
ashby,30mpc,30 Minutes to President's Club,
ashby,3E,3E,
ashby,3commas,3Commas,
ashby,3imembers,3i Members,
ashby,3y-health,3Y Health,
ashby,42dot,42dot,
ashby,5bluesoftware,5Blue Software,
ashby,7Gen,Seven Gen,
ashby,80000hours,"80,000 Hours",
ashby,805title,805Title,
ashby,8090 Solutions Inc,8090 Solutions Inc,
ashby,8fleet-inc,8Fleet Inc.,
ashby,8returns,8returns GmbH,
ashby,8vc,8VC,
ashby,9-mothers,9 Mothers,
ashby,9fin,9fin,
ashby,A1 Garage Door Service,A1 Garage Door Service,
ashby,AION Biosciences,AION Biosciences,
ashby,APEXX,APEXX Global,
ashby,ARQ,ARQ,
ashby,ATG,ATG,
ashby,Abe,Abe,
ashby,Abode Money,Abode Money,
ashby,Abound,Abound,
ashby,Abridge,Abridge,
ashby,Accord,Accord,
ashby,Acorns,Acorns,
ashby,Adaptive,Adaptive,
ashby,AeroVect,AeroVect,
ashby,AfterQuery,AfterQuery,
ashby,Agent,Agent,
ashby,AgentMail,AgentMail,
ashby,Agentis-Capital-Advisors,Agentis Capital Advisors,
ashby,Aios,AIOS  (YC W20/S21),
ashby,Ajax,Ajax,
ashby,AlephAlpha,Aleph Alpha,
ashby,Allswell,Allswell,
ashby,Almabase,Almabase,
ashby,Altis Labs,Altis Labs,
ashby,Amari,Amari,
ashby,Ambral,Ambral,
ashby,Ambrosia-Energy,Ambrosia Energy,
ashby,American Terawatt,American Terawatt,
ashby,Ampersand,Ampersand,
ashby,Amplo,Amplo,
ashby,Anagram,Anagram,
ashby,Anima,Anima,
ashby,Anon,Anon,
ashby,Antares,Antares,
ashby,Anthos Capital,Anthos Capital,
ashby,Aphex,Aphex,
ashby,Apiphany,Apiphany,
ashby,Applied Compute,Applied Compute,
ashby,Aquant,Aquant,
ashby,Arbor,Arbor,
ashby,Arch,Arch,
ashby,Archy,Archy,
ashby,Arlo,Arlo,
ashby,Armory,Armory,
ashby,Ashby,Ashby,
ashby,Aspora,Aspora,
ashby,AstralisFoundation,Astralis Foundation,
ashby,Astro-Mechanica,Astro Mechanica,
ashby,Atolio,Atolio,
ashby,Augustus,Augustus,
ashby,Authorium,Authorium,
ashby,Aven,Aven,
ashby,Away,Away,
ashby,BIOptimizers,BIOptimizers,
ashby,Base,Base,
ashby,Bastion,Bastion,
ashby,Baton,Baton,
ashby,Ben,Ben,
ashby,Bevel,Bevel,
ashby,Bifrost,Bifrost AI,
ashby,Bioscope AI,Bioscope AI,
ashby,Blackpoint Cyber,Blackpoint Cyber,
ashby,Blacksmith,Blacksmith,
ashby,Blacksmith Agency,Blacksmith Agency,
ashby,Blockworks,Blockworks,
ashby,Blossom-Health,Blossom Health,
ashby,Blue-Raincoat-Music,Blue Raincoat Music,
ashby,Boom,Boom,
ashby,Boost,Boost,
ashby,Bounce,Bounce,
ashby,Braiins,Braiins,
ashby,Braintrust,Braintrust,
ashby,BranchInsurance,"Branch Financial, LLC",
ashby,Brodie Rec League,Brodie Rec League,
ashby,Brookwood,Brookwood,
ashby,C1,C1,
ashby,CUBE,CUBE,
ashby,Cambly,Cambly,
ashby,Capable,Capable Labs,
ashby,Cape,Cape,
ashby,Catio,Catio,
ashby,Cedar,Cedar,
ashby,Cello,Cello,
ashby,ChartHop,ChartHop,
ashby,Cheiron,Cheiron,
ashby,Chestnut,Chestnut,
ashby,Chief,Chief,
ashby,Chromatic,Chromatic,
ashby,Cirrus Systems,"Cirrus Systems, Inc.",
ashby,Citizen,Citizen,
ashby,Citizen Health,Citizen Health,
ashby,Civic Roundtable,Civic Roundtable,
ashby,ClassDojo,ClassDojo,
ashby,Clera,Clera,
ashby,Cleric,Cleric,
ashby,Clerk,Clerk,
ashby,ClinicallyAI,Clinically AI,
ashby,Clipbook,Clipbook,
ashby,Close,Close,
ashby,CloudZero,CloudZero,
ashby,CoachHub Careers,CoachHub,
ashby,Coalesce,Coalesce,
ashby,CodaMetrix,CodaMetrix,
ashby,Coframe,Coframe,
ashby,Coinflow,Coinflow,
ashby,Coinhako,Coinhako,
ashby,Commons,Commons,
ashby,Commure,Commure,
ashby,Compound Jobs,Twenty Labs,
ashby,Conception,Conception,
ashby,Conduit,Conduit,
ashby,Convey,Convey (formerly Message Broadcast),
ashby,Coperniq,Coperniq Inc.,
ashby,CorePlan,CorePlan,
ashby,CourseCareers,CourseCareers,
ashby,Coworker,Coworker.ai,
ashby,Crusoe,Crusoe,
ashby,Cyberhaven,Cyberhaven,
ashby,CylinderHealth,Cylinder Health,
ashby,Dapster,Dapster,
ashby,Dataleap,Dataleap,
ashby,DatologyAI,DatologyAI,
ashby,DealRoom Inc,DealRoom Inc,
ashby,Deel,Deel,
ashby,DeepL,DeepL,
ashby,Deepgram,Deepgram,
ashby,Deepnote,Deepnote,
ashby,DehazeLabs,Dehazelabs,
ashby,Delphina,Delphina,
ashby,Diagrid,Diagrid,
ashby,DimRed,DimRed,
ashby,Discovery-Loop,Discovery Loop,
ashby,Dispatch,Dispatch,
ashby,Distyl,Distyl AI,
ashby,DivineResearch,Divine,
ashby,Dominion Dynamics,Dominion Dynamics,
ashby,Doppel,Doppel,
ashby,Doppler,Doppler,
ashby,DoubleZero,DoubleZero,
ashby,DubClub,DubClub,
ashby,EON,EON,
ashby,EYT,Extend Your Team,
ashby,Easygenerator,Easygenerator,
ashby,Edgesource Corporation,Edgesource Corporation,
ashby,Edison Scientific,Edison Scientific,
ashby,Egra,Egra,
ashby,Electric,Electric,
ashby,ElevenLabs,ElevenLabs,
ashby,EliseAI,EliseAI,
ashby,Empo Health,Empo Health,
ashby,Endgame,Endgame,
ashby,Envoy,Envoy,
ashby,Eon Systems,Eon Systems,
ashby,Epistemix,Epistemix,
ashby,Eragon,Eragon,
ashby,Escape,Escape Technologies,
ashby,Etched,Etched,
ashby,EverOps,EverOps,
ashby,Evolve,Evolve AI Ltd,
ashby,Evvy,Evvy,
ashby,FINNY,FINNY,
ashby,FLORA,FLORA,
ashby,FORDEFIJobs.ashbyhq.com,FORDEFI,
ashby,FSH,FSH Technologies,
ashby,FURTHER,FURTHER,
ashby,Fab2,Fab2,
ashby,Felix,Felix,
ashby,Ferovinum,Ferovinum Limited,
ashby,Fiducial,Fiducial,
ashby,FirstPrinciples,FirstPrinciples,
ashby,FleetWorks,FleetWorks,
ashby,Fleetcraft,Fleetcraft,
ashby,Float,Float,
ashby,FloatMe,FloatMe,
ashby,Flock Safety,Flock,
ashby,Flowtel,Flowtel,
ashby,FlutterFlow,FlutterFlow,
ashby,Foresight Diagnostics Inc.,Foresight Diagnostics Inc.,
ashby,Fort Health,Fort Health,
ashby,Forward Financing,Forward Financing,
ashby,Foundational Industries,Foundational Industries,
ashby,Fourier,Fourier,
ashby,Frameplay,Frameplay,
ashby,Fuel-Cycle,Fuel Cycle,
ashby,Fulcrum,Fulcrum,
ashby,Fuse,Fuse,
ashby,G2,G2,
ashby,GPTZero,GPTZero,
ashby,Gaia Health,Gaia Health,
ashby,Gardens,Gardens Interactive,
ashby,Geoforce,Geoforce,
ashby,GigaML,Giga,
ashby,GitBook,GitBook,
ashby,GoVenti,Venti Technologies,
ashby,Goldsky,Goldsky,
ashby,GotPhoto,GotPhoto,
ashby,GovEagle,GovEagle,
ashby,GovSignals,GovSignals,
ashby,GovWell,GovWell,
ashby,Graphitehq,Graphite,
ashby,GravityClimate,Gravity,
ashby,Gray Swan AI,Gray Swan AI,
ashby,Greenboard,Greenboard,
ashby,Gridium,Gridium,
ashby,Grindr LLC,Grindr,
ashby,GrowthX AI,GrowthX AI,
ashby,Gruntwork,Gruntwork,
ashby,Gumloop,Gumloop,
ashby,HUMAN,HUMAN,
ashby,Haast,Haast,
ashby,Hamming AI,Hamming AI,
ashby,Hang,Hang,
ashby,Harmonic,Harmonic,
ashby,Harrison.ai,Harrison.ai,
ashby,Hartbeat,Hartbeat,
ashby,Hatch,Hatch,
ashby,Headstart,Headstart,
ashby,HealthMatch,HealthMatch,
ashby,Healthtech-1,Healthtech-1,
ashby,Higharc,Higharc,
ashby,HighlightTA,HighlightTA,
ashby,Hippocratic,Hippocratic AI,
ashby,Hippocratic AI,Hippocratic AI,
ashby,Homebound,Homebound,
ashby,Honey Homes,Honey Homes,
ashby,Horizon,Horizon Institute for Public Service,
ashby,Hubs.is,Hubs.is,
ashby,Human Intuition,Human Intuition,
ashby,Humanly,Humanly,
ashby,Hyperbound,Hyperbound,
ashby,Hyperliquid Labs,Hyperliquid Labs,
ashby,IT Labs,IT Labs,
ashby,Ideal Dental,Ideal Dental,
ashby,Ideogram,Ideogram,
ashby,Inception Point AI,Inception Point AI,
ashby,Inclined,Inclined,
ashby,Infinite Lambda,Infinite Lambda,
ashby,Influxdata,InfluxData,
ashby,Injective,Injective,
ashby,InoviaCapital,Inovia Capital,
ashby,InscribeAI,Inscribe,
ashby,Inspectiv,Inspectiv,
ashby,Intelligence-Security-Laboratories,Intelligence Security Laboratories,
ashby,Intellistack,Intellistack,
ashby,Interrahealth,Interra Health,
ashby,Irregular,Irregular,
ashby,Jasper AI,Jasper,
ashby,Jellyfish,Jellyfish,
ashby,Jerry.ai,Jerry.ai,
ashby,Joyteractive,Joyteractive,
ashby,Juicebox,Juicebox,
ashby,Jump,Jump,
ashby,Junction,Junction,
ashby,Karman Industries,Karman Industries,
ashby,Kastle,Kastle,
ashby,Keragon,Keragon Inc,
ashby,Keyrock,Keyrock,
ashby,Kingdom,Kingdom,
ashby,Kirin,Kirin,
ashby,Known,Known,
ashby,Kognitos,Kognitos,
ashby,Kojo,Kojo,
ashby,Kombo,Kombo,
ashby,Konnected,Konnected,
ashby,Kota,Kota,
ashby,Koyfin,Koyfin,
ashby,Kueski,Kueski,
ashby,Kustomer,Kustomer,
ashby,LAI,Lead Allies Inc,
ashby,LIV-Golf,LIV Golf,
ashby,Lambda,Lambda,
ashby,Lance,Lance,
ashby,LatchBio,LatchBio,
ashby,Latent Defense,Latent Defense,
ashby,Latitud,Latitud,
ashby,LawDepot,LawDepot,
ashby,LeanData,LeanData,
ashby,LeanLayer,Lean Layer,
ashby,LeanTech,Lean Technologies,
ashby,LevHaolam,Lev Haolam World Ltd.,
ashby,Level-AI,Level AI,
ashby,Levelpath,Levelpath,
ashby,Lido.fi,Lido,
ashby,LifeLabs Learning,LifeLabs Learning,
ashby,Lightdash,Lightdash,
ashby,Lightfield,Lightfield,
ashby,Lime,Lime,
ashby,Linkup,Linkup,
ashby,Local Infusion,Local Infusion,
ashby,Lorikeet,Lorikeet,
ashby,Luminary,Luminary,
ashby,Lunon,Lunon,
ashby,M-KOPA,M-KOPA,
ashby,MSquared,MSquared,
ashby,MUBI,MUBI,
ashby,MUI,MUI,
ashby,Magical,Magical,
ashby,Mapbox,Mapbox,
ashby,Marathon Fusion,Marathon Fusion,
ashby,MarcoHire,Marco,
ashby,Mastra,Mastra,
ashby,MaticRobots,Matic,
ashby,Maxima,Maxima,
ashby,Meadow,Meadow,
ashby,MediCircle,MediCircle,
ashby,Merge Labs,Merge Labs,
ashby,Mintlify,Mintlify,
ashby,Molg,Molg,
ashby,Moonlake,Moonlake,
ashby,MotherDuck,MotherDuck,
ashby,Move Concierge,Move Concierge,
ashby,Moxie,Moxie,
ashby,Multitude Insights,Multitude Insights,
ashby,Mutiny,Mutiny,
ashby,NOCTOVO,NOCTOVO,
ashby,NPX,Nuclear Promise X,
ashby,Nango,Nango,
ashby,Nash,Nash,
ashby,NationGraph,NationGraph,
ashby,Natter,Natter,
ashby,Nautilus Biotechnology,Nautilus Biotechnology,
ashby,Neon,Neon,
ashby,Neon Money Talks,Neon,
ashby,New Story,New Story,
ashby,NewOrbit,NewOrbit Space,
ashby,NextPatient,NextPatient,
ashby,Niural,Niural,
ashby,Nivoda,Nivoda,
ashby,NormalComputing,Normal Computing Corporation,
ashby,NorthwoodSpace,Northwood Space,
ashby,OBRIO,OBRIO,
ashby,OXIO,OXIO Corporation,
ashby,Ontic,Ontic,
ashby,Opal,Opal Security,
ashby,Opal-OS,Opal,
ashby,OpenHands,OpenHands,
ashby,OpenSea,OpenSea,
ashby,OpsLevel,OpsLevel,
ashby,Opus1,Opus1,
ashby,Oso,Oso,
ashby,Ostrom,Ostrom,
ashby,OurRitual,OurRitual,
ashby,Outpost,Outpost,
ashby,Outrival,Outrival,
ashby,Outsmart,Outsmart,
ashby,Overjet,Overjet,
ashby,P-1 AI,P-1 AI,
ashby,PACELoanGroup,PACE Loan Group,
ashby,PAR Technology,PAR Technology,
ashby,PRISM,PRISM,
ashby,Pagos,Pagos,
ashby,Panoptyc,Panoptyc,
ashby,Paradigm,Paradigm,
ashby,Paragon,Paragon,
ashby,Parkade,Parkade,
ashby,Passthrough,Passthrough,
ashby,PaveBank,Pave Bank,
ashby,PaxosLabs,Paxos Labs,
ashby,Payscale,Payscale,
ashby,PeakMetrics,PeakMetrics,
ashby,Pear-VC,Pear VC,
ashby,Pearmill,Pearmill,
ashby,Pelico,Pelico,
ashby,Pemberton,Pemberton,
ashby,Perchwell,Perchwell,
ashby,Perk,Perk,
ashby,Perplexity,Perplexity,
ashby,Phil,PHIL,
ashby,Pivot,Pivot,
ashby,PlantingSpace,PlantingSpace,
ashby,Plaud,Plaud,
ashby,Playbook,Playbook,
ashby,Playground,Playground,
ashby,Playground Global,Playground Global,
ashby,Playlab,Playlab,
ashby,Pocket Worlds,Pocket Worlds,
ashby,Poetiq,Poetiq,
ashby,PoggioLabs,Poggio Labs,
ashby,Point,Point,
ashby,PointOne,PointOne,
ashby,Post,Post.,
ashby,Powerlattice,Powerlattice Technologies Inc.,
ashby,Preference-Model,Preference Model,
ashby,Prima Mente,Prima Mente,
ashby,PrimeIntellect,Prime Intellect,
ashby,Profound,Profound,
ashby,Promise,Promise,
ashby,Prompt,Prompt,
ashby,Prophet Tech Pty Ltd,Prophet Tech Pty Ltd,
ashby,Prospyr,Prospyr,
ashby,Protex AI,Protex AI,
ashby,ProvenirInc,Provenir Inc,
ashby,ProximaAI,Proxima,
ashby,Pulsora Inc,"Pulsora, Inc.",
ashby,Pyyne,Pyyne,
ashby,QAWolf,QA Wolf,
ashby,REGENT,REGENT,
ashby,RWA.xyz,RWA.xyz,
ashby,Railway,Railway,
ashby,Rasa,Rasa,
ashby,Reaktor,Reaktor,
ashby,Rebecca-School,Rebecca School,
ashby,Recall,Recall,
ashby,Recurrency,Recurrency,
ashby,Red6,Red 6,
ashby,Redesign Health,Redesign Health,
ashby,Redis,Redis,
ashby,ReflexRobotics,Reflex Robotics,
ashby,Reka,Reka,
ashby,ReklameHealth,ReKlame Health,
ashby,Remedy Scientific,Remedy Scientific,
ashby,Renterra,Renterra,
ashby,Replicant,Replicant,
ashby,Reprise Financial,Reprise Financial,
ashby,Reset,Reset,
ashby,Resilience Care,Resilience Care,
ashby,ResolveAI,ResolveAI,
ashby,RevenueVessel,Revenue Vessel,
ashby,Rhythms,Rhythms,
ashby,Ricursive Intelligence,Ricursive Intelligence,
ashby,Ridealso,ALSO,
ashby,Roadrunner,Roadrunner,
ashby,Rogo,Rogo,
ashby,Root Financial,Root Financial,
ashby,Rose Rocket,Rose Rocket,
ashby,Rothys,Rothy's,
ashby,Rox-Data-Corp,Rox Data Corp,
ashby,Runway,cfo.ai,
ashby,SASH,Singapore AI Safety Hub,
ashby,SKELAR-Platform,SKELAR Platform,
ashby,SageOx,SageOx,
ashby,Sahara,Sahara,
ashby,SalesPatriot,SalesPatriot,
ashby,Sandstone,Sandstone,
ashby,Scale Army Careers,Scale Army Careers,
ashby,Scholarly,Scholarly,
ashby,Sciforium,Sciforium,
ashby,ScribdInc,"Scribd, Inc.",
ashby,SearchApi,SearchApi,
ashby,SearchStax,SearchStax,
ashby,Second-Front-Systems,Second Front Systems,
ashby,SecondDinner,Second Dinner,
ashby,Sentradel,Sentradel,
ashby,Serval,Serval,
ashby,ServedWithHonor,Served With Honor,
ashby,Shasqi,Shasqi,
ashby,ShiftKey,ShiftKey,
ashby,ShortStory,Short Story,
ashby,Sierra,Sierra,
ashby,SigNoz,SigNoz,
ashby,SignalFire,SignalFire,
ashby,Silver,Silver.dev,
ashby,Sine Engineering,Sine Engineering,
ashby,Siro,Siro,
ashby,SiteMinder,SiteMinder,
ashby,Sitemate,Sitemate,
ashby,Skalar,Skalar,
ashby,Skip,Skip,
ashby,SkyLink,SkyLink,
ashby,Skydropx,Skydropx - Frenet,
ashby,SlingshotAI,Slingshot AI,
ashby,Snappy,Snappy,
ashby,SoLo Funds,SoLo Funds,
ashby,Socotra,Socotra,
ashby,Solace,Solace Health,
ashby,Solana Foundation,Solana Foundation,
ashby,Solvd,Solvd,
ashby,Sona,Sona,
ashby,Sondermind,SonderMind,
ashby,Sonio,Sonio,
ashby,Sorare,Sorare,
ashby,Span.app,Span,
ashby,Speakeasy,Speakeasy,
ashby,Speckle,Speckle,
ashby,Sphinx,Sphinx,
ashby,Stand,Stand,
ashby,StandInsurance,Stand Insurance,
ashby,StandardBots,Standard Bots,
ashby,Staycation,Staycation,
ashby,Steadily,Steadily,
ashby,Stepful,Stepful,
ashby,Stony Creek Homes,Stony Creek Homes,
ashby,Stora,Stora,
ashby,Straia,Straia,
ashby,Strava,Strava,
ashby,Stride Build,Stride Build,
ashby,Sui Foundation,Sui Foundation,
ashby,Suite-Studios,Suite Studios,
ashby,SunnyData,SunnyData,
ashby,Superhuman,Superhuman,
ashby,Superhuman Platform Inc,Superhuman,
ashby,Swoop,Swoop Technologies,
ashby,Symmetry,Symmetry AI,
ashby,Syndica,Syndica,
ashby,Synergy Pet Group,Synergy Pet Group,
ashby,Tabs,Tabs,
ashby,Talos-Trading,Talos,
ashby,TaptapSend,Taptap Send,
ashby,Taste-Labs,Taste Labs,
ashby,Technimove,Technimove,
ashby,Technitask,Technitask,
ashby,Tembo-Health,Tembo Health,
ashby,Tempo,Tempo,
ashby,TensorWave,TensorWave,
ashby,TerraFirma-Inc,TerraFirma,
ashby,Terranova,Terranova,
ashby,The Agency Fund,The Agency Fund,
ashby,The Browser Company,The Browser Company,
ashby,The Job Sauce,The Job Sauce,
ashby,The Zebra,The Zebra,
ashby,The-Flex,The Flex,
ashby,Theori,Theori,
ashby,TheyDo,TheyDo,
ashby,ThinkingMachines,Thinking Machines Lab,
ashby,Tides,Tides Network,
ashby,TigerData,Tiger Data,
ashby,Tillster,Tillster,
ashby,Toku,Toku,
ashby,TonicAI,Tonic AI,
ashby,Tools for Humanity,Tools for Humanity,
ashby,Transfr,Transfr,
ashby,Tremendous,Tremendous,
ashby,Trenchant,Trenchant,
ashby,Trexo Robotics,Trexo Robotics,
ashby,Trunk Tools,"Trunk Tools, Inc.",
ashby,TwoStepTx,TwoStep Therapeutics,
ashby,UHP-UnlockHumanPotential,UHP (Unlock Human Potential),
ashby,US Health Partners,US Health Partners,
ashby,Uberall,Uberall,
ashby,Unblocked,Unblocked,
ashby,Union,Union.ai,
ashby,Unlearn,Unlearn,
ashby,Unwrap,Unwrap,
ashby,UpCodes,UpCodes,
ashby,VITL,VITL,
ashby,VLogic,VLogic,
ashby,VREY,VREY,
ashby,Valcre,Valcre,
ashby,Valon,Valon Tech,
ashby,Varick-Agents,Varick Agents,
ashby,Verne,Verne Robotics,
ashby,Verne Robotics,Verne Robotics,
ashby,Vetcove,Vetcove,
ashby,Vibrant Planet,Vibrant Planet,
ashby,Vic.ai,Vic.ai,
ashby,Vidmob,Vidmob,
ashby,Viz.ai,Viz.ai,
ashby,Vogel,Vogel,
ashby,Vori,Vori,
ashby,Voxel,Voxel,
ashby,Voya Energy,Voya Energy,
ashby,Vultr,Vultr,
ashby,Vytalize Health,Vytalize Health,
ashby,WA.Technology,WA.Technology,
ashby,WON.ai,WON,
ashby,WRITER,WRITER,
ashby,Watershed,Watershed,
ashby,Winona,Winona,
ashby,Wisp,Wisp,
ashby,Wordly.ai Careers,Wordly.ai,
ashby,WunderGraph,"WunderGraph, Inc.",
ashby,XDOF,XDOF,
ashby,XMTP Labs,XMTP Labs,
ashby,Zania,Zania,
ashby,Zello,Zello,
ashby,Zeromark,Zeromark,
ashby,Zip Security,Zip Security,
ashby,Zircuit,Zircuit,
ashby,a-place-for-mom,A Place for Mom,
ashby,a-team,A.Team,
ashby,a16z-new-media,a16z New Media,
ashby,a37,a37,
ashby,aacigroup,"AACI Group, Inc.",
ashby,aaru,Aaru,
ashby,abacum,Abacum,
ashby,abby-care,Abby Care,
ashby,abridge,Abridge,
ashby,absci,Absci,
ashby,absentia-labs,Absentia Labs,
ashby,absorblms,Absorb,
ashby,abstraction.games,Abstraction,
ashby,abundant,Abundant,
ashby,abusix,Abusix,
ashby,academia,Academia.edu,
ashby,acai,Acai Travel,
ashby,access,Access Destination Services,
ashby,accurx,Accurx,
ashby,acd,AIA Contract Documents,
ashby,ace-1-media,Ace 1 Media,
ashby,achilleshr,Achilles,
ashby,achira,Achira,
ashby,aclima,"Aclima, Inc.",
ashby,acquird,Acquird.io,
ashby,acquisition,Acquisition.com,
ashby,activesite,Active Site,
ashby,adapt,Adapt API,
ashby,adaption,adaption,
ashby,adaptivesecurity,Adaptive Security,
ashby,adaptyv,Adaptyv,
ashby,addi,Addi,
ashby,additiveai,Additive AI,
ashby,adelphi-ai,Adelphi,
ashby,aditude,Aditude,
ashby,adonis,Adonis,
ashby,adthena,Adthena,
ashby,aduro-advisors,Aduro Advisors,
ashby,advanced-systems-group,Advanced Systems Group,
ashby,aegis-ai,Aegis AI,
ashby,aerovy,Aerovy,
ashby,aescape,Aescape,
ashby,afference,Afference Inc,
ashby,affinity.co,Affinity,
ashby,agavegames,Agave Games,
ashby,agentio,Agentio,
ashby,agi-inc,"AGI, Inc.",
ashby,aiand,ai&,
ashby,aibidia,Aibidia,
ashby,aida,Aida,
ashby,aidigest,AI Digest,
ashby,aidkit,AidKit,
ashby,aim4hire,Aim4Hire,
ashby,aiprise,AiPrise,
ashby,airapps,Air Apps,
ashby,airbound,Airbound,
ashby,airbyte,Airbyte,
ashby,airgarage,AirGarage,
ashby,airgoods,Airgoods,
ashby,airops,AirOps,
ashby,airspace-intelligence.com,ASI,
ashby,airtasker,Airtasker,
ashby,airwallex,Airwallex,
ashby,aisle,Aisle,
ashby,aiuc,Artificial Intelligence Underwriting Company,
ashby,aiwyn,Aiwyn,
ashby,akasa,AKASA,
ashby,akur8,Akur8,
ashby,alan,Alan,
ashby,alaro,Alaro,
ashby,alcazar-energy,Alcazar Energy,
ashby,alchemy,Alchemy,
ashby,alden,Alden Labs,
ashby,alembic,Alembic,
ashby,aleph,Aleph,
ashby,alexai,Alex AI,
ashby,algo1,algo1,
ashby,allarahealth,Allara,
ashby,allen-control-systems,Allen Control Systems,
ashby,allica-bank,Allica Bank,
ashby,allium,Allium,
ashby,alljoined,Alljoined,
ashby,allminds,Allminds,
ashby,allocate,Allocate,
ashby,alloyenterprises,Alloy Enterprises,
ashby,alloyriver,Alloy River,
ashby,allspice,AllSpice,
ashby,allwyn-corp,Allwyn Corp,
ashby,almedia,Almedia,
ashby,almetra,Almetra,
ashby,aloe-identity,Aloe Identity,
ashby,alohi,Alohi SA,
ashby,alotten-inc,Alotten,
ashby,alpacahealth,Alpaca Health,
ashby,alpenlabs,Alpen Labs,
ashby,alpha,Alpha,
ashby,alpha-design-ai-inc,ChipAgents,
ashby,alphalifesci,Alpha Life Sciences,
ashby,alpic,Alpic,
ashby,alta-ares,Alta Ares,
ashby,alternativepayments,Alternative Payments,
ashby,altimate,Altimate.ai,
ashby,altis,Altis,
ashby,altura,Altura,
ashby,alva-energy,"Alva Energy, Inc",
ashby,amagistechcareers,AmagisTech,
ashby,amber,amber,
ashby,ambiencehealthcare,Ambience Healthcare,
ashby,ambient.ai,Ambient.ai,
ashby,amboss,AMBOSS,
ashby,ambral,Ambral,
ashby,ambrook,Ambrook,
ashby,ameba,Ameba,
ashby,americaachieves,America Achieves,
ashby,american-housing,The American Housing Corporation,
ashby,americanoperator,American Operator,
ashby,ami,AMI,
ashby,amo,amo,
ashby,ampeers,Ampeers,
ashby,amperos,Amperos,
ashby,amplify,Amplify,
ashby,amplitude,Amplitude,
ashby,anam,Anam AI,
ashby,anara,Anara,
ashby,andela,Andela,
ashby,andera,Andera,
ashby,andercore,Andercore,
ashby,ando,Ando,
ashby,andotechnologies,"Ando Technologies, Inc",
ashby,andromeda,Andromeda Cluster,
ashby,angi,Angi,
ashby,anglehealth,Angle Health,
ashby,anima,Anima,
ashby,ankar,Ankar,
ashby,ankorstore,Ankorstore,
ashby,annaautismcare,Anna Autism Care,
ashby,anomalo,Anomalo,
ashby,anrok,Anrok,
ashby,ansiblehealth,AnsibleHealth Inc.,
ashby,answersnow,AnswersNow Inc,
ashby,antaiventures,Antai Ventures,
ashby,anterior,Anterior,
ashby,anthelioncap,Anthelion Capital,
ashby,anthrogen,Anthrogen,
ashby,antimetal,Antimetal,
ashby,antioch,Antioch,
ashby,antithesis,Antithesis,
ashby,anuvaya,Anuvaya Labs,
ashby,anyone-ai,Anyone AI,
ashby,anyscale,Anyscale,
ashby,anysignal,AnySignal,
ashby,anything,Anything,
ashby,anyvan,AnyVan,
ashby,apella,Apella,
ashby,apex-technology-inc,"Apex Technology, Inc.",
ashby,apexgrowth,Apex Growth,
ashby,apify,Apify Technologies s.r.o.,
ashby,aplazo,Aplazo,
ashby,apolink,Apolink Communcations,
ashby,apollo-graphql,Apollo GraphQL,
ashby,apollo-information-systems,Apollo Information Systems,
ashby,apple-roofing,Apple Roofing,
ashby,applied,Applied Intuition,
ashby,appliedlabs,Applied Labs,
ashby,april,april,
ashby,apron,Apron,
ashby,aptible,Aptible,
ashby,aptosfoundation,Aptos Foundation,
ashby,aptura,Aptura,
ashby,aqua-voice,Aqua Voice,
ashby,aquark,Aquark Technologies Ltd,
ashby,arago,Arago,
ashby,arb-interactive,ARB Interactive,
ashby,arbiter-ai,Arbiter AI,
ashby,arcade,Arcade,
ashby,arcade-ai,Arcade,
ashby,arcadeai,Arcade,
ashby,arch.com,Arch,
ashby,archil,Archil,
ashby,architect,Architect Labs,
ashby,archive,Archive,
ashby,arclight-consulting,ArcLight Consulting,
ashby,arcturus,Arcturus,
ashby,arda-therapeutics,Arda Therapeutics,
ashby,ardea-partners,Ardea Partners,
ashby,arena,"Arena Intelligence, Inc.",
ashby,arenanet,ArenaNet,
ashby,argon-ai,Argon AI,
ashby,arini,Arini,
ashby,arizent,Arizent,
ashby,arketa,Arketa,
ashby,armadin,Armadin,
ashby,aro.homes,Aro Homes,
ashby,arrakis,Arrakis Finance,
ashby,array-behavioral-care,Array Behavioral Care,
ashby,arrive,Arrive,
ashby,artafinance,Arta Finance,
ashby,artemis,Artemis,
ashby,arthur-ai,Arthur AI,
ashby,artian,Artian AI,
ashby,articul8,Articul8,
ashby,artie,Artie,
ashby,artificial.agency,Artificial.Agency,
ashby,artificialanalysis,"Artificial Analysis, Inc.",
ashby,artisan,Artisan,
ashby,artsy,Artsy and Artnet,
ashby,aryahealth.ai,Arya Health,
ashby,asari.ai,Asari AI,
ashby,ascertain,Ascertain,
ashby,ashgro,Ashgro,
ashby,asimov,Asimov,
ashby,askdragonfly,Dragonfly,
ashby,aso-careers,"Agresta, Storms & O’Leary, PC",
ashby,assemble,Assemble,
ashby,assembledhq,Assembled,
ashby,assorthealth,Assort Health,
ashby,assured,Assured,
ashby,assured-health,Assured,
ashby,astera,Astera Institute,
ashby,asteriAI,"Asteri AI, Inc.",
ashby,astra,Astra,
ashby,astral,Astral,
ashby,astro-mechanica,Astro Mechanica,
ashby,astrocade,Astrocade,
ashby,astronomer,Astronomer,
ashby,asula,Asula Labs,
ashby,asymmetric.re,asymmetric.re,
ashby,atalanta,Atalanta,
ashby,ataraxis-ai,Ataraxis AI,
ashby,athena-hq,AthenaHQ,
ashby,athenaactuarial,Athena Actuarial Consulting,
ashby,atlan,Atlan,
ashby,atlas,Atlas,
ashby,atlas-privacy,Atlas Privacy,
ashby,atlasonc,Atlas Oncology Partners,
ashby,atlasresidential,Atlas Residential,
ashby,atob,AtoB,
ashby,atomic,Atomic,
ashby,atomic-financial,Atomic Fi,
ashby,atomic-invest,Atomic Invest,
ashby,atomicindustries,Atomic Industries,
ashby,atomicsemi,Atomic Semi,
ashby,atominvest,Atominvest,
ashby,atomos,Atomos Systems,
ashby,atp,AT Process Technologies,
ashby,atrato,Atrato,
ashby,atria,Atria,
ashby,atroposhealth,Atropos Health,
ashby,attention,Attention Engineering,
ashby,atticus,Atticus,
ashby,attio,Attio,
ashby,auctor,Auctor,
ashby,audiohook,Audiohook,
ashby,augmodo,Augmodo,
ashby,augrade,Augrade Inc,
ashby,augur,Augur Initiative Ltd,
ashby,augurai,Augur,
ashby,august,August,
ashby,aurelian,Aurelian,
ashby,aureliussystems,Aurelius Systems,
ashby,auror,Auror,
ashby,aurorasolar,Aurora Solar,
ashby,authzed,AuthZed,
ashby,automat,"Automat, Inc.",
ashby,autoscience,Autoscience,
ashby,ava-labs,Ava Labs,
ashby,avantos,Avantos AI,
ashby,avarra,Avarra,
ashby,avelios-medical,Avelios Medical,
ashby,aveni,Aveni,
ashby,avid4,Avid4 Adventure,
ashby,avida,Avida,
ashby,avoca,Avoca,
ashby,avora-agency,Ayora,
ashby,avra,Avra,
ashby,axelera,Axelera AI,
ashby,axiom,Axiom,
ashby,axiom-co,Axiom,
ashby,axiombio,Axiom,
ashby,axiommath,Axiom Math,
ashby,axion,Axion,
ashby,axle-careers,Axle Energy,
ashby,axle-health,Axle Health,
ashby,axle-mobility,Axle Mobility,
ashby,aztec-labs,Aztec Labs,
ashby,b2spin,B2spin,
ashby,baba,Baba,
ashby,babbel,Babbel,
ashby,backbone,Backbone,
ashby,backflip,Backflip,
ashby,backflip.ai,Backflip,
ashby,backmarket,Back Market,
ashby,badrobotgames,Bad Robot Games,
ashby,bagsfm,Bags,
ashby,balorgames,Balor Games,
ashby,bankjoy,Bankjoy,
ashby,bantamcommunications,Bantam Communications,
ashby,barkbus,Barkbus,
ashby,barnes,Barnes & Thornburg LLP,
ashby,barti,Barti,
ashby,basata,Basata Inc,
ashby,base-operations,Base Operations,
ashby,base-power,Base Power Company,
ashby,basecompute,Base Compute,
ashby,baseten,Baseten,
ashby,basiccapital,Basic Capital,
ashby,basis-ai,Basis AI,
ashby,basis-research,Basis Research Institute,
ashby,batoncorporation,Baton Corporation Ltd,
ashby,battle-creek-games,Battle Creek Games,
ashby,bayesianhealth,"Bayesian Health, Inc.",
ashby,beaconai,Beacon AI,
ashby,beacons,Beacons,
ashby,beaconsoftware,Beacon Software,
ashby,beam-up,Beam,
ashby,beamery,Beamery,
ashby,beamimpact,Beam Impact,
ashby,beavr,Beavr,
ashby,because-market,Because Market,
ashby,bedrock-robotics,Bedrock Robotics Inc,
ashby,bedrockocean,Bedrock Ocean Exploration,
ashby,believer,Believer,
ashby,belvo,Belvo,
ashby,bem,bem,
ashby,benchling,Benchling,
ashby,benchmarkhealth,Benchmark Health,
ashby,benepass,Benepass,
ashby,benevity,Benevity,
ashby,berlitz,Berlitz,
ashby,beside,Beside,
ashby,bespokelabs,Bespoke Labs,
ashby,bestow,Bestow,
ashby,better-mortgage,Better Mortgage,
ashby,bettercloud,"BetterCloud, Inc.",
ashby,bettermile,Bettermile,
ashby,bettermoney,The Better Money Company,
ashby,betterup,BetterUp,
ashby,beyondmath,BeyondMath,
ashby,bicara-therapeutics,Bicara Therapeutics,
ashby,big-leap-health,Big Leap Health,
ashby,biggergames,Bigger Games,
ashby,bild-ai,Bild AI,
ashby,billie,Billie,
ashby,billups,billups,
ashby,binalyze,Binalyze,
ashby,binance.us,Binance.US,
ashby,binti,Binti,
ashby,bio,BIO,
ashby,biofire,Biofire,
ashby,birdie,Birdie,
ashby,bite,Bite Engineering,
ashby,bitnomial,Bitnomial,
ashby,bitstack,Bitstack,
ashby,bitvavo,Bitvavo,
ashby,bivacor-inc,BiVACOR Inc,
ashby,bjakcareer,Bjak,
ashby,blackbird-labs-inc,Blackbird Labs Inc,
ashby,blackbox-strategies,BlackBox Strategies,
ashby,blacksemiconductor,Black Semiconductor GmbH,
ashby,blackstar,"Blackstar Computers, Inc.",
ashby,bland,Bland,
ashby,blank-metal,Blank Metal,
ashby,blankexampleinstance,Blank Instance,
ashby,blast-io,Blast,
ashby,blaxel,Blaxel,
ashby,blink,Blink Tech Inc,
ashby,bliro,Bliro GmbH,
ashby,blissway,Blissway Inc.,
ashby,blitzy,Blitzy,
ashby,block-labs,Block Labs,
ashby,blockdaemon,Blockdaemon,
ashby,blockhouse,Blockhouse,
ashby,blockit,Blockit AI,
ashby,blockstream,Blockstream,
ashby,blooming-health,Blooming Health,
ashby,bloxd,Bloxd,
ashby,blp-digital,BLP Digital AG,
ashby,blue-energy,Blue Energy,
ashby,blueberrypediatrics,Blueberry Pediatrics,
ashby,bluedot,BlueDot Impact,
ashby,bluenote,Bluenote,
ashby,blumen,Blumen Systems,
ashby,boam,Boam AI,
ashby,bobyard,Bobyard,
ashby,bold,Bold.org,
ashby,boldgames,Bold Games,
ashby,bolna,Bolna AI,
ashby,bolt-farm,Bolt Farm Treehouse,
ashby,bookkeeper360,Bookkeeper360,
ashby,boon,"Boon Technologies, Inc.",
ashby,boostly,Boostly,
ashby,bootloop,BootLoop,
ashby,botanictonics,Botanic Tonics,
ashby,boulder-care,Boulder Care,
ashby,bracket-bot,Bracket Bot Inc.,
ashby,brainbaselabs,Brainbase Labs,
ashby,brainco,Brain Co.,
ashby,brainly,Brainly,
ashby,brale,Brale,
ashby,branchlab,BranchLab,
ashby,brandlight,Brandlight,
ashby,bratte,Bratte,
ashby,bravehealth,Brave Health,
ashby,breadcrumb,Breadcrumb,
ashby,breaker,Breaker,
ashby,breakmark,Breakmark,
ashby,bree,Bree,
ashby,brelle,Brelle,
ashby,brellium,Brellium,
ashby,brettonai,Bretton AI,
ashby,bridger,Bridger,
ashby,brightstar-ai,Brightstar.AI,
ashby,brightwheel,brightwheel,
ashby,brigit,Brigit,
ashby,brimstone,Brimstone,
ashby,brinc,BRINC,
ashby,brisk-teaching,Brisk Teaching,
ashby,bristleconecompanies,Bristlecone Companies,
ashby,brm.ai,BRM,
ashby,broccoli,Broccoli AI,
ashby,brooklinen,Brooklinen,
ashby,brooklyn-health,Brooklyn Health,
ashby,browserbase,Browserbase,
ashby,bubble,Bubble,
ashby,buena,Buena,
ashby,buffer,Buffer,
ashby,build,Build Technologies,
ashby,builder-prime,Builder Prime,
ashby,buildforce,Buildforce,
ashby,buildlinX,Buildlinx GmbH,
ashby,buildops,BuildOps,
ashby,buildout,Buildout,
ashby,built-robotics,Built Robotics Inc,
ashby,bulletfarm,BulletFarm,
ashby,bullpen-talent,Bullpen Talent,
ashby,bumbleinc,Bumble Inc.,
ashby,bunch,bunch,
ashby,bunkerhillhealth,Bunkerhill Health,
ashby,bureau,Bureau,
ashby,burklandassociates,Burkland Associates,
ashby,buspatrol,BusPatrol,
ashby,butterflymx,ButterflyMX,
ashby,bynder,Bynder,
ashby,cadence-group-software-inc,Cadence Group Software Inc,
ashby,cadregs,CADRE GOVERNMENT SOLUTIONS,
ashby,callosum,Callosum,
ashby,camber,Camber,
ashby,cambio,Cambio AI Inc.,
ashby,cambium,Cambium,
ashby,campfire,Campfire,
ashby,campus,Campus,
ashby,camunda,Camunda,
ashby,canals,Canals,
ashby,candidate.fyi,candidate fyi,
ashby,candidhealth,Candid Health,
ashby,candidintelligence,Candid Intelligence,
ashby,cantina,Cantina,
ashby,canvas-medical,Canvas Medical,
ashby,capchase,Capchase,
ashby,capimoney,Capi Money,
ashby,capital-v-strategies,Capital V Strategies,
ashby,capsa,Capsa AI,
ashby,capsule,Capsule,
ashby,capy,Capy,
ashby,cara-ai,Cara,
ashby,carbonx,CarbonX,
ashby,cardboard,"Cardboard, Inc",
ashby,cardless,Cardless,
ashby,careers.azx.io,AZX,
ashby,careerstrengo,Trengo,
ashby,careerswift.ai,Careerswift,
ashby,caremessage,CareMessage,
ashby,careway,Careway Health,
ashby,cargado,Cargado,
ashby,cargo-one,cargo.one,
ashby,caribou,Caribou,
ashby,carnot-ai,Jinba.io,
ashby,carrara,Carrara,
ashby,cartesia,Cartesia,
ashby,caruso,Caruso,
ashby,carwow,Carwow,
ashby,cas,Cloud Accountant Staffing,
ashby,casa,Casa,
ashby,casca,Casca,
ashby,casdin-capital,Casdin Capital,
ashby,casium,Casium,
ashby,cassihome,Cassi Home,
ashby,castle,Castle,
ashby,castletontower,Castleton Tower,
ashby,catalog,Catalog,
ashby,catalyst,Catalyst,
ashby,catchafire,Catchafire,
ashby,category-labs,Category Labs,
ashby,catena,Catena,
ashby,causal,Causal Labs,
ashby,causaly,Causaly,
ashby,causaprima,Causa Prima,
ashby,cbai,Cambridge Boston Alignment Initiative,
ashby,cchn,Carolina Complete Health Network,
ashby,ceartas,Ceartas,
ashby,ceezer,CEEZER,
ashby,ceilix,CeiliX,
ashby,cellular-intelligence,Cellular Intelligence,
ashby,centari,Centari,
ashby,centerfield,Centerfield,
ashby,centivo,Centivo,
ashby,centreforeffectivealtruism,Centre for Effective Altruism,
ashby,centuro-global-careers,Centuro Global,
ashby,cerebras,Cerebras Systems,
ashby,cernel,Cernel,
ashby,certa,Certa,
ashby,certifyos,CertifyOS,
ashby,cerve,Cerve Global Ltd,
ashby,chaidiscovery,Chai Discovery,
ashby,chainalysis-careers,Chainalysis,
ashby,chainalysis-government-solutions,Chainalysis Government Solutions,
ashby,chainlink-labs,Chainlink Labs,
ashby,chakra-labs,Chakra Labs,
ashby,chalice,Chalice Custom Algorithms,
ashby,chalkboard,Chalkboard,
ashby,chambercardio,Chamber Cardio,
ashby,chamelio,Chamelio,
ashby,change,Change.org,
ashby,chapter,Chapter,
ashby,character,Character.AI,
ashby,charge-robotics,Charge Robotics,
ashby,chariot,Chariot,
ashby,chariotclaims,Chariot Claims,
ashby,chartahealth,Charta Health,
ashby,chartis,Chartis,
ashby,chatbase,Chatbase,
ashby,chattermill,Chattermill Analytics Limited,
ashby,check-technologies,Check,
ashby,checkatrade,Checkatrade,
ashby,checkly,Checkly,
ashby,checkout.com,Checkout.com,
ashby,cheiron,Cheiron,
ashby,chilipiper,Chili Piper,
ashby,choco,Choco,
ashby,cinder,Cinder,
ashby,circleback,Circleback,
ashby,circuithub,CircuitHub,
ashby,circulareconomysystems,Circular Economy Systems,
ashby,ciridae,Ciridae,
ashby,ciroos,Ciroos,
ashby,citadel-ai,Citadel AI,
ashby,civicmarketplace,CivicMarketplace,
ashby,civilgrid,CivilGrid,
ashby,claim-health,Claim Health,
ashby,claimsorted,ClaimSorted,
ashby,clair,Clair,
ashby,clarasight,Clarasight,
ashby,clarify,Clarify,
ashby,clarion,Clarion,
ashby,clarity,Clarity,
ashby,claritymovescapital,Clarity,
ashby,claritypay,ClarityPay,
ashby,claritypediatrics,Clarity Pediatrics,
ashby,clarium,Clarium,
ashby,clark,Clark,
ashby,claryo,Claryo,
ashby,clasp,Clasp,
ashby,clasp-group,Clasp,
ashby,classavo,Classavo,
ashby,claylabs,Clay Labs,
ashby,clearbank,ClearBank,
ashby,clearco,Clearco,
ashby,clearly-ai,Clearly AI,
ashby,clearvector,ClearVector,
ashby,clickhouse,ClickHouse,
ashby,clickup,ClickUp,
ashby,climate-finance-solutions,Climate Finance Solutions,
ashby,climatiq,Climatiq,
ashby,clipboard,Clipboard,
ashby,cloaked,Cloaked,
ashby,close,Remote Close,
ashby,cloudscaler,Cloudscaler,
ashby,cloudtrucks,CloudTrucks,
ashby,clover-sonoma,Clover Sonoma,
ashby,clubhouse,Clubhouse,
ashby,cluely,Cluely,
ashby,cmr.london,Cooper Moss Rutland,
ashby,coactive,Coactive AI,
ashby,coastal,Coastal Community Bank,
ashby,cobot,Cobot,
ashby,cocodelivery,Coco,
ashby,codat,Codat,
ashby,code-metal,Code Metal,
ashby,coder,Coder,
ashby,coderabbit,CodeRabbit,
ashby,codes-health,Codes Health,
ashby,codesphere,Codesphere,
ashby,codex,Codex,
ashby,coefficientgiving,Coefficient Giving,
ashby,cogent-security,Cogent Security,
ashby,cognita-Imaging,Cognita Imaging Inc.,
ashby,cognition,Cognition,
ashby,cohere,Cohere,
ashby,cohort,Cohort AI Inc,
ashby,cointracker,CoinTracker,
ashby,collective,Collective,
ashby,collegevine.com,CollegeVine,
ashby,collider,Collider,
ashby,collinear-ai,Collinear AI,
ashby,colonist,Colonist,
ashby,color-health,Color Health,
ashby,column,Column,
ashby,comand-ai,Comand AI,
ashby,comfy-org,Comfy,
ashby,comind,CoMind,
ashby,comity,Comity,
ashby,common-fund,Common Fund for Commodities,
ashby,commonware,Commonware,
ashby,community-preservation-corporation,The Community Preservation Corporation,
ashby,compa,Compa,
ashby,compass-surgical-partners,Compass Surgical Partners,
ashby,complement,Complement,
ashby,complete,Complete,
ashby,composio,Composio,
ashby,composite,Composite,
ashby,compound,"Compound Planning, Inc.",
ashby,compound-eye,Compound Eye,
ashby,compscience,CompScience,
ashby,compyl,Compyl,
ashby,comstruct,comstruct ICT,
ashby,comun,Comun,
ashby,concourse,Concourse,
ashby,concoursetech,Concourse,
ashby,concurrence,Concurrence,
ashby,condor-software,Condor Software,
ashby,conduct,Conduct,
ashby,conductorai,ConductorAI,
ashby,conduit-health,Conduit Health,
ashby,conetic-group,Conetic Group,
ashby,confiant,Confiant,
ashby,confido,Confido,
ashby,confluent,Confluent,
ashby,confusioncapital,Confusion Capital,
ashby,connectly,Connectly Inc,
ashby,conquest,Conquest,
ashby,console,Console,
ashby,constellationspace,Constellation Space,
ashby,constructor,Constructor,
ashby,contentoo,contentoo,
ashby,context,Context,
ashby,contoro,Contoro Inc.,
ashby,contra,Contra,
ashby,contrast-security,Contrast Security,
ashby,conveo,Conveo.ai,
ashby,conversion,Conversion,
ashby,convex-dev,Convex,
ashby,copilot-money,Copilot Money,
ashby,coralai,Coral AI,
ashby,coram-ai,Coram AI,
ashby,coreflow,coreflow,
ashby,coreoftheheart,Core of the Heart,
ashby,corgi,Corgi Insurance,
ashby,corridor,Corridor,
ashby,corti,Corti,
ashby,corvus-robotics,Corvus Robotics,
ashby,cosine,Cosine,
ashby,cosmic-robotics,Cosmic Robotics,
ashby,costanoavc,Costanoa Ventures,
ashby,cosuno,Cosuno,
ashby,council-capital,Council Capital,
ashby,counsel,Counsel Health,
ashby,count,Count,
ashby,coverbase,Coverbase,
ashby,coverdash,Coverdash,
ashby,cow-dao,CoW DAO,
ashby,cowboyspace,Cowboy Space Corp.,
ashby,crackenagi,Cracken,
ashby,cradlebio,Cradle,
ashby,craft.co,Craft Machine Inc,
ashby,craftdocs,Craft Docs,
ashby,creatify,Creatify Lab Inc,
ashby,creatoriq,CreatorIQ,
ashby,credal,Credal,
ashby,creditgenie,Credit Genie,
ashby,credo.ai,Credo.AI,
ashby,creem,Armitage Labs,
ashby,crisp,Crisp,
ashby,crispgrowth,Crisp,
ashby,critical-energy,Critical Energy,
ashby,criticalloop,Critical Loop,
ashby,crogl,Crogl,
ashby,croporg,Creating Restorative Opportunities and Programs (CROP),
ashby,crosby,Crosby,
ashby,crossjoin-solutions,Crossjoin Solutions,
ashby,cruva,Cruva,
ashby,cruxclimate,Crux,
ashby,cryptio,Cryptio,
ashby,cside,Cside,
ashby,ctgt,CTGT,
ashby,cubesoftware,Cube,
ashby,cubic3,Cubic³,
ashby,cuesta-partners,Cuesta Partners,
ashby,culturello,Culturello Inc,
ashby,curri,Curri,
ashby,cursor,Anysphere,
ashby,cuspai,CuspAI,
ashby,customuse,Customuse,
ashby,cybcube,CyberCube,
ashby,cyber.Fund,cyber•Fund,
ashby,cybernut,CyberNut,
ashby,cybret,CYBRET AI,
ashby,cydea,Cydea,
ashby,cylake-inc,"Cylake, Inc",
ashby,cytora.com,Cytora,
ashby,cyvl,Cyvl,
ashby,d-Matrix,d-Matrix,
ashby,dailypay,DailyPay,
ashby,dakota,Dakota,
ashby,dandelion,Dandelion Energy,
ashby,dandelionhealth,Dandelion Health Inc,
ashby,dandy,Dandy,
ashby,dapper,Dapper,
ashby,darkroom,Darkroom,
ashby,darwin,Darwin,
ashby,dash0,Dash0,
ashby,databook,"Databook Labs, Inc.",
ashby,datafold,Datafold,
ashby,dataguard,DataGuard,
ashby,datalab,Datalab,
ashby,datalogics,"Datalogics, Inc.",
ashby,dataplor,Dataplor,
ashby,datatonic,Datatonic,
ashby,datawizz,Gamut,
ashby,datum,Datum,
ashby,dave,Dave,
ashby,david-ai,David AI,
ashby,davidenergy,David Energy,
ashby,davistechnologymanagement,Davis Technology Management,
ashby,day9,Day[9]'s Game Studio,
ashby,daydream,DayDream,
ashby,daydream-ai,Daydream,
ashby,dcblox,DC BLOX,
ashby,ddn,DDN,
ashby,dearestcare,Dearest Care,
ashby,decagon,Decagon,
ashby,decimal,Decimal,
ashby,deck-software,Deck Software,
ashby,decodahealth,Decoda Health,
ashby,dedale-intelligence,Dedale Intelligence,
ashby,dedalus-labs,"Dedalus Labs, Inc.",
ashby,deduction,Deduction,
ashby,deepgram,Deepgram,
ashby,deepjudge,DeepJudge,
ashby,deeploy,Deeploy,
ashby,deepsetai,deepset,
ashby,deeptune,Deeptune,
ashby,deeter-analytics,Deeter Analytics,
ashby,definefinancial,Define Financial,
ashby,definelycareers,Definely,
ashby,deft-ai,"Deft AI, Inc.",
ashby,defy-security,Defy Security,
ashby,delfa,Delfa AI,
ashby,delian,Delian Alliance Industries,
ashby,deligo,Deligo,
ashby,delinea,Delinea,
ashby,deliveroo,Deliveroo,
ashby,delos-data,Delos Data Inc,
ashby,delphi,Delphi,
ashby,delphos-labs,Delphos Labs,
ashby,demandbase,Demandbase,
ashby,denari,Denari,
ashby,dentology,Dentology,
ashby,deposco,Deposco,
ashby,depthfirst,DepthFirst,
ashby,designworkstalent,Designworks Talent,
ashby,develop-health,Develop Health,
ashby,devsavant,DevSavant Inc.,
ashby,dex,Dex,
ashby,dexmate,Dexmate,
ashby,dialo,Dialo,
ashby,dialogueai,Dialogue AI,
ashby,diffit,Diffit,
ashby,dimensional,Dimensional,
ashby,dipper,Dipper,
ashby,distill,Distill,
ashby,distributed-spectrum,Distributed Spectrum,
ashby,ditto,Ditto,
ashby,dittoai,Ditto,
ashby,diversified-botanics,Diversified Botanics,
ashby,docebo,Docebo,
ashby,docker,Docker,
ashby,doctolib,Doctolib,
ashby,doctronic,Doctronic,
ashby,doinstruct,doinstruct,
ashby,doji,Doji,
ashby,dome-systems-inc,Dome Systems Inc,
ashby,doss,DOSS,
ashby,dosu,"Dosu, Inc.",
ashby,dotfile,Dotfile,
ashby,dottxt,dottxt,
ashby,double,Double,
ashby,dourolabs.xyz,Douro Labs,
ashby,dovetail,Dovetail,
ashby,drata,Drata,
ashby,dreamthree,Dream Three,
ashby,drogue,Drogue,
ashby,droyd,Droyd,
ashby,dryft,Dryft,
ashby,dualentry,DualEntry,
ashby,duck-duck-go,DuckDuckGo,
ashby,duckbill,Duckbill,
ashby,duet,Duet,
ashby,duffel,Duffel,
ashby,duna,Duna,
ashby,dune,Dune,
ashby,dusk,Dusk,
ashby,dust,Dust,
ashby,duvo,Duvo Inc,
ashby,dweet,Dweet,
ashby,dyna-robotics,Dyna Robotics,
ashby,dyneti,Dyneti,
ashby,e-source,E Source,
ashby,e2b,E2B,
ashby,eagle,Eagle,
ashby,earnedwealth,Earned,
ashby,earthforce,Earth Force,
ashby,easyllama.com,EasyLlama,
ashby,echo,Echo Neurotechnologies,
ashby,echo.ai,Echo,
ashby,echomark,EchoMark,
ashby,ecosia.org,Ecosia,
ashby,edge-node-ventures,Edge and Node Ventures Inc,
ashby,edgetier.com,EdgeTier,
ashby,edia,Edia,
ashby,ediphi,Ediphi,
ashby,edisyl,Edisyl,
ashby,edited,EDITED,
ashby,edlink,Edlink,
ashby,edra,Edra,
ashby,edsights,EdSights,
ashby,educationsuperhighway,EducationSuperHighway,
ashby,edvisorly,EdVisorly,
ashby,effective-ai,Effective AI,
ashby,egym,EGYM,
ashby,eigen-labs,Eigen Labs,
ashby,eightsleep,Eight Sleep,
ashby,eisen,Eisen,
ashby,ekarobotics,Eka,
ashby,ekho,Ekho,
ashby,ekumenlabs,Ekumen,
ashby,elastix,ElastixAI INC.,
ashby,electricair,Electric Air,
ashby,electronx,ElectronX,
ashby,element451,Element451,
ashby,element84,Element 84,
ashby,eleos,Eleos AI Research,
ashby,elevate-charter-schools,Elevate Charter Schools,
ashby,eleve-talent,Eleve Talent,
ashby,eli,Eli Health,
ashby,elicit,Elicit,
ashby,eliza,Eliza,
ashby,ellamind,ellamind,
ashby,ellipsis-health,Ellipsis Health,
ashby,ellipsislabs,Ellipsis Labs,
ashby,elliptic,Elliptic,
ashby,ello,Ello,
ashby,eloquentai,Eloquent AI,
ashby,elorian-ai-inc,Elorian,
ashby,ema,Ema,
ashby,embeddable,Embeddable,
ashby,embedding-vc,Embedding VC,
ashby,emerald-ai,Emerald AI,
ashby,emergence-capital-partners,Emergence Capital Partners,
ashby,emidat,Emidat,
ashby,emora-health,Emora Health,
ashby,empirical,Empirical,
ashby,empirical-security,Empirical Security,
ashby,enclave,Enclave,
ashby,encord,Encord,
ashby,endeavorai,endeavorai.com,
ashby,endeavorflow,Endeavor,
ashby,endex,Endex,
ashby,endra,Endra,
ashby,endurance-energy,Endurance Energy,
ashby,eneba,Eneba,
ashby,engagedmd,EngagedMD,
ashby,engflow,EngFlow,
ashby,engram,Engram Lab,
ashby,enode,Enode,
ashby,enpal,Enpal,
ashby,ens-labs,ENS Labs,
ashby,ent-security,Ent,
ashby,enter-ai,Enter,
ashby,envision-horizons,Envision Horizons LLC,
ashby,envoy,Envoy,
ashby,epay-policy,ePayPolicy,
ashby,epianeuro,Epia Neuro,
ashby,epidemic-sound,Epidemic Sound,
ashby,epsilon-health,Epsilon Health,
ashby,equal-ventures,Equal Ventures,
ashby,equal1,Equal1,
ashby,equi,Equi,
ashby,equip,Equip Health,
ashby,eragon,Eragon,
ashby,erebor,Erebor,
ashby,erp.ai,ERP•AI,
ashby,espa,Espa Labs,
ashby,espresso,Espresso AI,
ashby,essentialai,Essential AI,
ashby,ether.fi,Ether.fi,
ashby,ethereum-foundation,Ethereum Foundation,
ashby,ethglobal,ETHGlobal Inc,
ashby,ethyca,Ethyca,
ashby,euclid-power,Euclid Power,
ashby,euphoric,Euphoric Global,
ashby,eventual,Eventual,
ashby,eventualcomputing,Eventual,
ashby,evenup,EvenUp,
ashby,everai,EverAI,
ashby,everfield,Everfield,
ashby,everis,Everis,
ashby,everself,Everself,
ashby,everstar,Everstar,
ashby,evertune,Evertune,
ashby,evervault,Evervault,
ashby,every-io,Every.io,
ashby,everywai,Everywai,
ashby,exa,Exa,
ashby,exegy,Exegy,
ashby,expa,Expa,
ashby,exponential,Exponential Security Labs,
ashby,expressable,Expressable,
ashby,extend,Extend,
ashby,extropic,Extropic,
ashby,eye-security,Eye Security,
ashby,eyebot,Eyebot,
ashby,eyetell,"EyeTell, Inc.",
ashby,eztexting,EZTexting,
ashby,f2-ai,F2,
ashby,fab2,Fab2,
ashby,fable,Fable Security,
ashby,fabrion,Fabrion,
ashby,faction,Faction,
ashby,factor-eleven,Factor Eleven,
ashby,factory,Factory,
ashby,faculty,Faculty,
ashby,fal-ai,fal,
ashby,falconer,Falconer,
ashby,fama-technologies-inc,Fama Technologies,
ashby,fanvue.com,Fanvue,
ashby,far.ai,FAR.AI,
ashby,farel,Farel,
ashby,farmersd40,Farmers District 40,
ashby,farmraise,FarmRaise,
ashby,faros-ai,Faros,
ashby,farseer,Farseer,
ashby,farsight,Farsight AI,
ashby,fastino-ai,fastino.ai,
ashby,fathom,Fathom,
ashby,fathom.video,Fathom,
ashby,faves,Faves,
ashby,favorited,Favorited,
ashby,featherlessai,Featherless AI,
ashby,feathery,Feathery,
ashby,feathr,Feathr,
ashby,feedbackfruits,FeedbackFruits,
ashby,feldera,Feldera,
ashby,felicity,Felicity,
ashby,fellowai,Fellow Insights Inc.,
ashby,fencer,Fencer,
ashby,fernstone,Fernstone,
ashby,ferryhealth,Ferry,
ashby,fetch-pet-health,Fetch Pet,
ashby,ffg,Full Funnel Growth,
ashby,fidamy,Fidamy,
ashby,fiddler-ai,Fiddler AI,
ashby,fieldguide,Fieldguide,
ashby,filigran,Filigran,
ashby,filmhub,Filmhub,
ashby,fin,Fin,
ashby,finalis,Finalis,
ashby,financewithin,FinanceWithin,
ashby,finary,Finary,
ashby,fincentify,Fincentify,
ashby,finch,Finch Care,
ashby,finch-legal,Finch,
ashby,findanomaly,Anomaly,
ashby,findarbor,Arbor,
ashby,finmid.com,Finmid,
ashby,finni-health,Finni Health,
ashby,finout,Finout,
ashby,finto,Finto,
ashby,finvari,Finvari,
ashby,fira-health,Adaptive Home Health,
ashby,firebirdmusic,Firebird Music,
ashby,firecrawl,Firecrawl,
ashby,firetiger,Firetiger,
ashby,fireworks,Fireworks,
ashby,first-resonance,First Resonance,
ashby,firsthand,Firsthand,
ashby,firstround,First Round Capital,
ashby,firststreet,First Street,
ashby,firstwork,Firstwork,
ashby,fitt,Fitt Talent Partners,
ashby,fitzroyandassociates,Fitz-Roy & Associates,
ashby,fizz,Fizz,
ashby,flaglerhealth,Flagler Health,
ashby,flagright.com,Flagright,
ashby,flai,Flai,
ashby,flashbots.net,Flashbots,
ashby,flashpoint.io,Flashpoint,
ashby,flawless,Flawless,
ashby,fleek,Fleek,
ashby,fleetline,Fleetline,
ashby,fleetpulse,FleetPulse,
ashby,flexspace,Flexspace,
ashby,flink,Flink Robotics,
ashby,flint,Flint,
ashby,flipper,Flipper,
ashby,flipturn,Flipturn,
ashby,flock,Flock,
ashby,flosports,"FloSports, Inc.",
ashby,flowengineering,Flow Engineering,
ashby,flowhub,Flowhub,
ashby,flox,Flox,
ashby,fluency,Fluency,
ashby,fluidstack,Fluidstack,
ashby,flux,Flux,
ashby,fnatic,Fnatic,
ashby,focal,Focal,
ashby,focus,Focus,
ashby,focused,Focused,
ashby,foley,Foley,
ashby,folio,Folio,
ashby,fomo-labs,fomo Labs,
ashby,fonio,fonio,
ashby,fonoa,Fonoa,
ashby,fonzi,Fonzi,
ashby,footprint,Footprint,
ashby,forerunner,Forerunner,
ashby,foresight-health,Foresight Health,
ashby,forgeatomics,Forge Atomics Inc.,
ashby,forma,Forma,
ashby,formal,Formal,
ashby,formance,Formance,
ashby,formula,Formula,
ashby,fortreum,Fortreum,
ashby,fortuna-health,Fortuna Health,
ashby,forum-ventures,Forum Ventures,
ashby,forus,Forus,
ashby,found,Found,
ashby,foundation,Foundation,
ashby,foundational,Foundational,
ashby,foundationhealthcareers,Foundation Health,
ashby,founders-factory,Founders Factory,
ashby,foundry-robotics,Foundry Robotics,
ashby,fourth-power,Fourth Power,
ashby,fourtwothree,FourTwoThree,
ashby,foxelligroup,Foxelli Group,
ashby,foxglove,Foxglove,
ashby,fr,Maya HTT (FR),
ashby,frec,"Frec Markets, Inc.",
ashby,freckle,Freckle,
ashby,freda,Freda,
ashby,freed,Freed,
ashby,freetrade,Freetrade,
ashby,freewill,FreeWill,
ashby,frequence,Frequence,
ashby,freshpaint,Freshpaint,
ashby,fresnosummit,Fresno Summit Advisors,
ashby,friendliai,FriendliAI,
ashby,frontcareers,Front,
ashby,frontier-health,Frontier Health,
ashby,fruitist,Fruitist,
ashby,fs-studio,FS Studio,
ashby,fulcrum-inc,Fulcrum,
ashby,fullstory,Fullstory,
ashby,fundamental,Fundamental,
ashby,fundamentalXR,fundamentalXR,
ashby,fundingcircle,Funding Circle,
ashby,fundwell,Fundwell,
ashby,furo,Furo,
ashby,furtherai,FurtherAI,
ashby,fuser,Fuser,
ashby,futrue-neuroscience,FUTRUE Neurosciences,
ashby,futurefitai,FutureFit AI,
ashby,futureworks,Future Works,
ashby,fwd-people,FWD People,
ashby,fyxer,Fyxer,
ashby,g2i,G2i Inc.,
ashby,gadget,Gadget,
ashby,gaiafamily,Gaia Family Inc,
ashby,gainsight,Gainsight,
ashby,gallatin,Gallatin,
ashby,galvany,GALVANY,
ashby,gamechanger,GameChanger,
ashby,gamma,Gamma,
ashby,garage,Garage,
ashby,gc-ai,GC AI,
ashby,gearset,Gearset,
ashby,gecko-robotics,Gecko Robotics,
ashby,gelato,Gelato,
ashby,gem-technologies,"GEM Technologies, Inc.",
ashby,gen-digital,Gen Digital Inc.,
ashby,gendo,Gendo,
ashby,general-medicine,General Medicine,
ashby,generalintelligencecompany,The General Intelligence Company of New York,
ashby,generalintuition-medal,General Intuition & Medal,
ashby,generalist,Generalist,
ashby,generalrobotics,General Robotics,
ashby,generaltranslation,General Translation,
ashby,generate,Generate,
ashby,genesis,Genesis,
ashby,genesis-molecular-ai,Genesis Molecular AI,
ashby,genies,Genies,
ashby,genmd,GenMD,
ashby,genmo,Genmo,
ashby,genomics,Genomics,
ashby,genpeach,GenPeach AI,
ashby,geobrowser,Geo Browser,
ashby,geordieai,Geordie AI,
ashby,georgian,Georgian Partners Growth,
ashby,getground,GetGround,
ashby,getscope,Scope AI,
ashby,ghost,Ghost,
ashby,gigaml,Giga AI,
ashby,gigaton,Gigaton,
ashby,gigsafe,GigSafe,
ashby,gimlet,Gimlet Labs,
ashby,gismart,Gismart,
ashby,givebutter,Givebutter,
ashby,glacier,Glacier,
ashby,glacis-ai,Glacis,
ashby,gladia,Gladia,
ashby,glia,Glia,
ashby,glide,Glide,
ashby,glimp-se,Glimpse,
ashby,glimpse,Glimpse,
ashby,glinttglobal,Glintt Global,
ashby,global-x-etfs,Global X ETFs,
ashby,glomo,Glomopay,
ashby,glot,Glot,
ashby,glow,Glow,
ashby,glow25,Glow25,
ashby,go-augment,Augment,
ashby,go-nimbly,Go Nimbly,
ashby,goanagram,Anagram,
ashby,going,Going,
ashby,golinks,GoLinks,
ashby,gooddata,GoodData.AI,
ashby,goodie-ai,Goodie AI,
ashby,goodlord,Goodlord,
ashby,goodmaven,Good Maven,
ashby,goodparty,GoodParty.org,
ashby,goodstack,Goodstack,
ashby,goody,Goody,
ashby,gorgias,Gorgias,
ashby,gorilla,Gorilla,
ashby,goteleport,Teleport,
ashby,govdash,GovDash,
ashby,govworx,GovWorx,
ashby,grabagun,GrabAGun,
ashby,gradient-labs,Gradient Labs,
ashby,gradientrobotics,Gradient Robotics,
ashby,granica,Granica,
ashby,granola,Granola,
ashby,granted,Granted,
ashby,granular-energy.com,Granular Energy,
ashby,grapevine,Grapevine,
ashby,graphite,Graphite,
ashby,gratia,Gratia,
ashby,gravie,Gravie,
ashby,gravitysketch,Gravity Sketch,
ashby,graymatter-robotics,GrayMatter Robotics,
ashby,greatquestion,Great Question,
ashby,greenboard,Greenboard,
ashby,greenlight-workforce-solutions,GreenLight Workforce Solutions Inc,
ashby,greenlitecareers,GreenLite,
ashby,grepr,Grepr,
ashby,gridcare,GridCARE,
ashby,gridunity,GridUnity,
ashby,gridverify,Grid,
ashby,griffin,Griffin,
ashby,gritt,Gritt Robotics,
ashby,grotto,Grotto AI,
ashby,groundnews,Ground News,
ashby,groundtruthlabs,Ground Truth Labs,
ashby,grow-inc,GROW Inc.,
ashby,grow-therapy,Grow Therapy,
ashby,growfig,Fig,
ashby,grvt,GRVT TECHNOLOGIES,
ashby,gt-hq,GT,
ashby,guidelabs.ai,Guide Labs,
ashby,guild,Guild.ai,
ashby,h2analytics,H2 Analytics,
ashby,h3x-technologies,H3X Technologies,
ashby,haastautonomous,Haast Autonomous,
ashby,hackerone,HackerOne,
ashby,hadrian-automation,Hadrian Automation,
ashby,halliday,Halliday,
ashby,halo-cures,Halo,
ashby,halobraid,Halo,
ashby,halter,Halter,
ashby,hamilton-ai,Hamilton AI,
ashby,hammerhead-ai,Hammerhead AI,
ashby,hamsa,Hamsa,
ashby,hamster,Hamster,
ashby,handshake,Handshake,
ashby,handspring,Handspring,
ashby,hanover-park,Hanover Park,
ashby,happl,Happl,
ashby,happyhotel,happyhotel,
ashby,happyrobot.ai,Happyrobot Inc.,
ashby,happyscribe.com,HappyScribe,
ashby,harmattan-ai,Harmattan AI,
ashby,harmonic-security-inc,"Harmonic Security, Inc",
ashby,harmony,Harmony,
ashby,harperinsure,Harper,
ashby,harvey,Harvey,
ashby,hauler-hero,Hauler Hero Inc.,
ashby,haus,Haus Analytics,
ashby,havocai,HavocAI,
ashby,hawk,Hawk,
ashby,hawkeyeinnovations,Hawk-Eye Innovations (HEI),
ashby,haydenai,Hayden AI,
ashby,haystacknews,Haystack News,
ashby,hazel,Hazel,
ashby,hcompany,H Company,
ashby,headway,Headway,
ashby,healf,Healf,
ashby,healthaxis,"HealthAxis Group, LLC",
ashby,healthleap,HealthLeap,
ashby,healthprogresshub,Health Progress Hub,
ashby,healthsherpa,HealthSherpa,
ashby,heart-and-soil,Heart & Soil Supplements,
ashby,hebbia-ai,Hebbia AI,
ashby,hedra,Hedra,
ashby,heidihealth.com.au,Heidi,
ashby,heirloomcarbon,Heirloom Carbon,
ashby,helicon,Helicon,
ashby,helion,Helion,
ashby,helios-intelligence-platforms,Helios,
ashby,helius,Helius,
ashby,heliux,Heliux Inc.,
ashby,hellobrightline,Brightline,
ashby,hellohera,Hera,
ashby,hellopatient,Hello Patient,
ashby,hellyeah,Hellyeah AI,
ashby,helm-ai,Helm.ai,
ashby,helpscout,Help Scout,
ashby,hercules,Hercules,
ashby,heron-power,Heron Power,
ashby,herondata,Heron Data,
ashby,hexa,Hexa,
ashby,heyjobs,HeyJobs,
ashby,heymilo,HeyMilo,
ashby,heypinnacle,Pinnacle,
ashby,higgsfieldai,Higgsfield,
ashby,highbeam,Highbeam,
ashby,highlightai,Highlight AI,
ashby,hightop-health,Hightop Health,
ashby,hiive,Hiive,
ashby,hike-medical,Hike Medical,
ashby,hilberts,Hilbert's AI,
ashby,hinge-health,Hinge Health,
ashby,hinoki,Hinoki Security,
ashby,hipeople-official,HiPeople,
ashby,hipp,Hipp Health,
ashby,hirehangar,Hire Hangar,
ashby,hirehire,hirehire,
ashby,hiring-cafe,HiringCafe,
ashby,hive.co,hive.co,
ashby,hived,HIVED,
ashby,hivehealth,Hive Health,
ashby,hivemq,HiveMQ GmbH,
ashby,hiverge,Hiverge Ltd,
ashby,hivesmart-consulting,HiveSmart Consulting,
ashby,hiya,Hiya,
ashby,hobbes,Hobbes,
ashby,hockeystack,HockeyStack,
ashby,holywater,HOLYWATER TECH,
ashby,homebase,Homebase,
ashby,homebot,Homebot,
ashby,homevision,HomeVision,
ashby,honeybook,HoneyBook,
ashby,honeydew,Honeydew,
ashby,hooglee,Hooglee,
ashby,hook,Hook,
ashby,hookmusic,Hook Music,
ashby,hopae,Hopae,
ashby,hopper,Hopper,
ashby,horizon3ai,Horizon3,
ashby,hostinger,Hostinger,
ashby,hotplate,Hotplate,
ashby,hotspexmedia,Hotspex Media,
ashby,hoxhunt,Hoxhunt,
ashby,hoyoverse,HoYoverse,
ashby,httpie,HTTPie,
ashby,hubfit,HubFit,
ashby,hubstaff,Hubstaff,
ashby,hud,HUD,
ashby,hudu,Hudu,
ashby,hum-ai,hum.ai,
ashby,humaans,Humaans,
ashby,human-computer-lab,Human Computer Lab,
ashby,human.capital,Human Capital,
ashby,humanarchive,Human Archive,
ashby,humanitec,Humanitec,
ashby,humanoid,Humanoid,
ashby,humans-and,humans&,
ashby,humatahealth,"Humata Health, Inc",
ashby,hyde,Hyde,
ashby,hyperbolic,Hyperbolic Labs,
ashby,hypercore,Hypercore Inc.,
ashby,hypercubic,Hypercubic,
ashby,hyperexponential,hyperexponential,
ashby,hyperhug,HyperHug,
ashby,hyperscale,Hyperscale,
ashby,hyperscience,Hyperscience,
ashby,hyperspell,Hyperspell,
ashby,hypha,Hypha,
ashby,i-onx,I/ONX HPC,
ashby,i3d,i3D.net,
ashby,iVerify,iVerify,
ashby,iambic-therapeutics,"Iambic Therapeutics, Inc",
ashby,ibotta,Ibotta,
ashby,iceye,ICEYE,
ashby,iceye-us-jobs,ICEYE US,
ashby,icon,Icon,
ashby,iddqd,IDDQD CAPITAL,
ashby,ideals,Ideals,
ashby,idler,idler,
ashby,ignite-reading,Ignite Reading,
ashby,ignition,Ignition,
ashby,illumio,Illumio,
ashby,imagineart,ImagineArt,
ashby,immersivelabs,Immersive,
ashby,impact-networking,Impact Networking,
ashby,impossible-foods,Impossible Foods,
ashby,imprint,Imprint,
ashby,impulse,Impulse Labs,
ashby,imubiosciences,IMU Biosciences,
ashby,inato,Inato,
ashby,inbeat-agency,inBeat Agency,
ashby,incandescent,Incandescent,
ashby,incard,Incard,
ashby,incident,incident.io,
ashby,indent,Indent,
ashby,inductive-automation-llc,Inductive Automation LLC,
ashby,inductive-bio,Inductive Bio,
ashby,industrious,Industrious,
ashby,ineffable,Ineffable Intelligence,
ashby,inertia,Inertia,
ashby,inferact,Inferact,
ashby,inference,Inference,
ashby,infinite,Infinite,
ashby,infinite-machine,Infinite Machine,
ashby,infinitefield,Field Technologies FZCO,
ashby,infinitform,InfinitForm,
ashby,infinitus,Infinitus Systems,
ashby,infinity-constellation,Infinity,
ashby,infisical,Infisical,
ashby,infiterra,Infiterra  S.A,
ashby,inflectionio,Inflection.io,
ashby,infracost,Infracost,
ashby,inherent,Inherent,
ashby,injective-labs,Injective Labs,
ashby,inkeep,Inkeep,
ashby,innate,Innate,
ashby,innatera,Innatera Nanosystems,
ashby,inngest,Inngest,
ashby,inshur,Inshur,
ashby,insight-browser,Insight Browser,
ashby,insitro,insitro,
ashby,inspiren,Inspiren,
ashby,instil,Instil Software Ltd,
ashby,instructure,"Instructure, Inc.",
ashby,intangible.ai,Intangible,
ashby,interface,Interface,
ashby,interface-ai,interface.ai,
ashby,interfere,Interfere,
ashby,interplay,Interplay,
ashby,intology,Intology,
ashby,intrinsic-safety,Variance,
ashby,intro,Intro,
ashby,intus,IntusCare,
ashby,inversion-cap,Inversion,
ashby,invert,Invert,
ashby,investa,Investa,
ashby,investorsheritage,Investors Heritage,
ashby,invopop,Invopop,
ashby,inworld-ai,Inworld,
ashby,ironcladhq,Ironclad,
ashby,isometric,Isometric,
ashby,ivo-inc,Ivo Inc.,
ashby,iwoca.co.uk,iwoca,
ashby,iyo,iyo,
ashby,jack-jill-external-ats,Jack & Jill,
ashby,jameda,Jameda,
ashby,jampack-ai,Jampack AI,
ashby,jamssoftware,JAMS Software,
ashby,jane,Jane,
ashby,janitor-ai,janitorAI,
ashby,january,January,
ashby,javvy-coffee-company,Javvy Coffee Company,
ashby,jbs-dev,JBS Dev,
ashby,jellyfishcareers,Jellyfish,
ashby,jiga,Jiga,
ashby,jigsaw,Jigsaw Tech,
ashby,jimdo.com,Jimdo,
ashby,jito-labs,Jito Labs,
ashby,jitter-video,Jitter,
ashby,jobber,Jobber,
ashby,jobs,Dusty,
ashby,jobs-page-4dc2685b-eb82-46d1-a3f9-1f0764dba814,The L Suite,
ashby,jobs-valence,Valence,
ashby,join9am,9amHealth,
ashby,joinbetter,Better Health,
ashby,joinpogo,"Pogo Technologies, Inc.",
ashby,joinsherpa,sherpa°,
ashby,joko,Joko,
ashby,joor,JOOR,
ashby,jordandigitalmarketing,Jordan Digital Marketing,
ashby,josys,Josys,
ashby,joyfulhealth,Joyful Health,
ashby,jua,Jua,
ashby,judgmentlabs,Judgment Labs,
ashby,julius,Julius AI,
ashby,jump-app,Jump,
ashby,junior,Junior AI,
ashby,junipersquare,Juniper Square,
ashby,jupus,JUPUS,
ashby,juro,Juro,
ashby,justplay-gmbh,JustPlay GmbH,
ashby,k-ID,k-ID,
ashby,k-id,k-ID,
ashby,kafene,Kafene,
ashby,kairon-health,Kairon Health,
ashby,kairos-project,Kairos,
ashby,kaizenlabs,Kaizen Labs,
ashby,kale,Kale,
ashby,kalibri-labs,Kalibri Labs,
ashby,kalshi,Kalshi,
ashby,kamiwaza,Kamiwaza AI,
ashby,kandou-ai,Kandou AI,
ashby,kantoko,Kantoko,
ashby,kastle,Kastle AI,
ashby,katana,Katana,
ashby,katana-network,Katana,
ashby,katapult-Labs,Katapult Labs,
ashby,kayak,KAYAK,
ashby,keeling-labs,Keeling Labs,
ashby,kepler-ai,Kepler,
ashby,kernel,Kernel,
ashby,kestra,Kestra Technologies,
ashby,kevins-natural-foods,Kevin's Natural Foods,
ashby,keycard-labs,Keycard Labs,
ashby,kiefer,Kiefer,
ashby,kiln.fi,Kiln,
ashby,kiloforge,Kiloforge,
ashby,kimarutalent,KIMARU Talent,
ashby,kin,Kin Insurance,
ashby,kindred,Kindred,
ashby,kineticsystems,Kinetic Systems,
ashby,kins,Kins,
ashby,kinship,Kinship,
ashby,kinsteadhealth,Kinstead,
ashby,kira,Kira,
ashby,kiso-technology,Kiso Technology,
ashby,kissmyapps,Kiss My Apps,
ashby,kit,Kit,
ashby,kiwi,Kiwi Financial Inc,
ashby,kiwi-com,Kiwi.com,
ashby,klarity-ai,Klarity,
ashby,kled-ai,Kled AI,
ashby,kleinerperkinsfellows,Kleiner Perkins,
ashby,klim,Klim GmbH,
ashby,klue,Klue,
ashby,knock,Knock,
ashby,knoetic,CPOHQ + Knoetic AI,
ashby,knot,Knot,
ashby,knowledge-road,Knowledge Road,
ashby,knownwell,knownwell,
ashby,knowtex,Knowtex,
ashby,knowunity,Knowunity GmbH,
ashby,knox-systems,Knox Systems,
ashby,koahlabs,Koah,
ashby,kodex,Kodex,
ashby,kodifly,Kodifly,
ashby,kog,Kog,
ashby,kognity,Kognity,
ashby,koho,KOHO,
ashby,kong,Kong,
ashby,kontakt,Kontakt.io,
ashby,konvu,Konvu,
ashby,koro,KoRo,
ashby,kos.ai,kos.ai,
ashby,kovari,Kovari,
ashby,kovo,Kovo,
ashby,kraken-kinetics,Kraken Kinetics,
ashby,kraken.com,Kraken,
ashby,krakensandbox,Kraken Sandbox,
ashby,krakentech,Kraken,
ashby,krea,Krea,
ashby,krew,Krew,
ashby,kunin,Kunin Technologies,
ashby,kyanhealth,Kyan Health,
ashby,kyra,Kyra,
ashby,labhouse,LABHOUSE,
ashby,ladder,Ladder,
ashby,lago,Lago,
ashby,lakera.ai,Lakera,
ashby,lambda,Lambda,
ashby,lanai,Lanai,
ashby,lancedb,LanceDB,
ashby,langchain,LangChain,
ashby,langdock,Langdock,
ashby,lap,LAP Coffee,
ashby,lapel,Lapel,
ashby,lapitopa.com,lapitopa,
ashby,lark,Lark Health,
ashby,lassie,Lassie,
ashby,latamcent,LatamCent,
ashby,latent,Latent,
ashby,latentlabs,Latent Labs,
ashby,latitude-global,Latitude,
ashby,laurel,Laurel,
ashby,lavendo,Lavendo,
ashby,lawhive,Lawhive,
ashby,layerfi,Layer,
ashby,lazer,Lazer,
ashby,leadbank,Lead,
ashby,leanscale,LeanScale,
ashby,leantechniques,Lean TECHniques,
ashby,leap,Leap,
ashby,learn-ashby,Learn Ashby (Google Workspace),
ashby,leavitt,Leavitt Group,
ashby,ledge,Ledge,
ashby,ledger,Ledger,
ashby,legend-xyz,"Legend Labs, Inc.",
ashby,legionhealth,Legion Health,
ashby,legora,Legora,
ashby,leland,Leland,
ashby,lemfi,LemFi,
ashby,lemlist,lemlist,
ashby,lemon-markets,lemon.markets,
ashby,lendable,Lendable,
ashby,leona,Leona Health,
ashby,leonardo.ai,Leonardo.Ai,
ashby,letta,Letta,
ashby,level,Level,
ashby,levels,Levels Technologies,
ashby,leveragedmedia,Leveraged Media,
ashby,lexroom,Lexroom,
ashby,lgads,LG Ad Solutions,
ashby,li.fi,LI.FI,
ashby,libra,"Libra AI, Inc",
ashby,lickability,Lickability,
ashby,life-space-digital,Life Space Digital,
ashby,light,Light,
ashby,light-inc,Light,
ashby,lightning,Lightning Labs,
ashby,lightsource,LightSource,
ashby,lightspark,Lightspark,
ashby,lightspeedhq,"Lightspeed Commerce, Inc.",
ashby,lilt-corporate,LILT,
ashby,lilt-production,LILT (Production),
ashby,limbic,Limbic,
ashby,limble,Limble,
ashby,limelight-steel,"Limelight Steel, Inc.",
ashby,limetax,Limetax,
ashby,lindus,Lindus,
ashby,linear,Linear,
ashby,lingodotdev,Lingo.dev,
ashby,linqapp,Linq,
ashby,linro,Linro,
ashby,lio,Lio,
ashby,liqid-lam,LIQID Asset Management GmbH,
ashby,liquid,Liquid,
ashby,liquid-ai,Liquid AI,
ashby,listenlabs,Listen Labs,
ashby,litellm,LiteLLM,
ashby,literati,Literati,
ashby,lithosquare,Lithosquare,
ashby,litmus,Litmus,
ashby,liveflow,LiveFlow,
ashby,liveitup,Live it Up,
ashby,livekit,LiveKit,
ashby,liveview-technologies,LiveView Technologies,
ashby,livingHR,livingHR,
ashby,llamaindex,LlamaIndex,
ashby,lm-studio,LM Studio,
ashby,loancrate,Loancrate,
ashby,locale.com,Locale,
ashby,logiqal,Logiqal,
ashby,logos-space,Logos Space,
ashby,long-lake,Long Lake,
ashby,loopio,Loopio Inc.,
ashby,loora,Loora,
ashby,loot-labs,Loot Labs,
ashby,lottie,Lottie,
ashby,lotushealth,Lotus AI,
ashby,loula,Loula,
ashby,lovable,Lovable,
ashby,loveholidays,loveholidays,
ashby,lovelace,Lovelace AI,
ashby,lpadesignstudios,"LPA, Inc.",
ashby,ltv,LTV,
ashby,lucidcomputing,Lucid Computing,
ashby,lucidlink,LucidLink,
ashby,lucis,Lucis,
ashby,lumaai,Luma,
ashby,lumai,Lumai,
ashby,lumana,Lumana,
ashby,lumanu,Lumanu,
ashby,lumbermanufactory,The Lumber Manufactory,
ashby,lumen.energy,Lumen Energy,
ashby,lumilens,Lumilens,
ashby,lumin-digital,Lumin Digital,
ashby,luminai,Luminai,
ashby,luminovo,Luminovo,
ashby,lumos,Lumos,
ashby,lunar,Lunar,
ashby,lunar-solar-group,Lunar Solar Group,
ashby,luopay,Luo,
ashby,luxor,Luxor Technology Corporation,
ashby,lydian,Lydian,
ashby,lyrebird-health,Lyrebird Health,
ashby,lyric,Lyric,
ashby,m13,M13,
ashby,maca,MACA,
ashby,mach9,Mach9,
ashby,macquarie-airfinance-careers,Macquarie AirFinance,
ashby,macrohealth,MacroHealth,
ashby,macroscope,Macroscope,
ashby,macroscopic,Macroscopic,
ashby,magentic,Magentic,
ashby,magic.dev,Magic,
ashby,magiceden,Magic Eden,
ashby,magicpatterns,Magic Patterns,
ashby,magicschool,MagicSchool AI,
ashby,magnitude.ai,Magnitude,
ashby,mai,MAI,
ashby,maigrate,Maigrate,
ashby,maincode,Maincode,
ashby,mainstay,Mainstay Labs Inc.,
ashby,maintainx,MaintainX (An Autodesk Company),
ashby,makai-labs,Makai Labs,
ashby,makermaker.ai,MakerMaker,
ashby,maki,MakiPeople,
ashby,mandolin,Mandolin,
ashby,mandrel,Mandrel,
ashby,maneuver-marketing,Maneuver Marketing,
ashby,manex,Manex AI GmbH,
ashby,mangomint,Mangomint,
ashby,manifest-law,Manifest Law,
ashby,manifest-os,Manifest OS,
ashby,manifold-industries,Manifold Industries,
ashby,maple,Maple,
ashby,marble,Marble,
ashby,marble.ai,Marble Technology Inc.,
ashby,marblehealth,Marble Health,
ashby,marianaminerals,Mariana Minerals,
ashby,mariner-careers,Mariner,
ashby,markarch,Marketing Architects,
ashby,marloo,Marloo,
ashby,marqeta-inc,Marqeta,
ashby,marshmallow,marshmallow,
ashby,masabi,Masabi,
ashby,matchii,Matchii,
ashby,matchnode,Matchnode,
ashby,materialsecurity,Material Security,
ashby,matia,Matia,
ashby,matter-intelligence,Matter Intelligence,
ashby,matter-labs,Matter Labs,
ashby,matterworks,"Matterworks, Inc.",
ashby,maven,Maven,
ashby,maven-agi,Maven AGI,
ashby,maxima-consulting,Maxima Consulting,
ashby,maximor,Maximor AI,
ashby,maximustribe,"Maximus Health, Inc.",
ashby,maxinsights,Maxinsights,
ashby,maxrewards,MaxRewards,
ashby,maybern,Maybern,
ashby,mazedesign,Maze,
ashby,mazehq,Maze,
ashby,mdcalc,MDCalc,
ashby,meadowmemorials,Meadow,
ashby,mebe,MeBe,
ashby,mechanize,"Mechanize, Inc.",
ashby,mecka.ai,Mecka,
ashby,medely,Medely,
ashby,media-mogul,Mogul & Co.,
ashby,medialicious,Medialicious,
ashby,mediatech,Mediatech,
ashby,mednet,"Mednet, Inc.",
ashby,medraai,Medra,
ashby,medscout,MedScout,
ashby,medsender,Medsender,
ashby,meetmarvin,Marvin Behavioral Health,
ashby,megazone,Megazone Cloud US,
ashby,melius,Melius,
ashby,melotech,Melotech,
ashby,mem.ai,Mem,
ashby,mem0,Mem0,
ashby,memfault,Memfault,
ashby,memora,Memora Health,
ashby,mend-io,Mend.io,
ashby,menlo,Menlo,
ashby,menlosecurity,Menlo Security,
ashby,mentava,Mentava,
ashby,mento,Mento,
ashby,meow,Meow,
ashby,mercator,Mercator,
ashby,merciv,Merciv,
ashby,mercor,Mercor,
ashby,mercura,Mercura,
ashby,meridianlink,MeridianLink,
ashby,meridio,Meridio,
ashby,meshy,Meshy LLC,
ashby,messa,"Messa, Inc.",
ashby,metadao,MetaDAO,
ashby,metaforms,Metaforms,
ashby,metal,Metal,
ashby,metal.so,Metal,
ashby,metalenz,Metalenz,
ashby,metamap,MetaMap,
ashby,metamorphic,Metamorphic,
ashby,metaview,Metaview,
ashby,meter,Meter,
ashby,method,Method Financial,
ashby,method-crm,Method Integration Inc.,
ashby,method.security,Method Security,
ashby,meticulous,Meticulous,
ashby,metriport,Metriport,
ashby,mexdigital,Multibank Group,
ashby,mgtinsurance,MGT Insurance,
ashby,mia-labs,"Mia Labs, Inc.",
ashby,miaplaza,Miaplaza,
ashby,middesk,Middesk,
ashby,midjourney,Midjourney,
ashby,midnite,Midnite,
ashby,midpage,Midpage,
ashby,midstream,Midstream Health,
ashby,mightyacorndigital,Mighty Acorn Digital,
ashby,mikmak,MikMak,
ashby,mimica,Mimica,
ashby,mindbeam,Mindbeam,
ashby,mindly,Mindly,
ashby,mindpeak,Mindpeak,
ashby,mindrobotics,Mind Robotics,
ashby,mindvalley,Mindvalley,
ashby,mintmcp,MintMCP,
ashby,miovision,Miovision,
ashby,mirage,Mirage,
ashby,miramace,Mira Mace,
ashby,mirelo,Mirelo AI,
ashby,mirendil,Mirendil,
ashby,miri,Machine Intelligence Research Institute,
ashby,misen,Misen,
ashby,mistral.ai,Mistral,
ashby,miter,Miter,
ashby,mithrl,Mithrl,
ashby,moab,Moab,
ashby,mobbin.com,Mobbin,
ashby,mobilefirst,The Mobile-First Company,
ashby,modal,Modal,
ashby,modelyst,Modelyst,
ashby,modernfi,ModernFi,
ashby,moderntreasury,Modern Treasury,
ashby,modus,Modus,
ashby,moego,MoeGo,
ashby,molecule,molecule.xyz,
ashby,molecule-software,Molecule Software,
ashby,mollie,Mollie,
ashby,moment,Moment,
ashby,momentic,Momentic,
ashby,monaco,Monaco,
ashby,monad.foundation,Monad Foundation,
ashby,monarchcrops,Monarch,
ashby,monarchmoney,Monarch Money,
ashby,mondoo,Mondoo,
ashby,monei,MONEI,
ashby,monk,Monk,
ashby,monogram,Monogram,
ashby,montauk-capital,Montauk Capital,
ashby,montecarlodata,Monte Carlo,
ashby,monterra,Monterra,
ashby,montu-uk,Montu UK,
ashby,monumental,Monumental,
ashby,moonactive,Moon Active,
ashby,moonshot,Moonshot,
ashby,moovx,Moovx,
ashby,moraleshr,MoralesHR,
ashby,morningconsult,Morning Consult,
ashby,morpho,Morpho,
ashby,morse-micro,Morse Micro,
ashby,mosaic,Mosaic,
ashby,moss,Moss,
ashby,motorway,Motorway,
ashby,mount-thor,Mount Thor,
ashby,moxfive,MOXFIVE,
ashby,mubit,Mubit,
ashby,mudflap,Mudflap,
ashby,multiply,Multiply,
ashby,multiplymii,MultiplyMii,
ashby,multiverse,Multiverse,
ashby,munich-electrification,Munich Electrification,
ashby,mural,Mural,
ashby,mux,Mux,
ashby,myTomorrows,myTomorrows,
ashby,myedspacecareers,MyEdSpace,
ashby,myparadigm,Paradigm,
ashby,myriad-ai,Myriad AI,
ashby,mystenlabs,Mysten Labs,
ashby,n1,N1,
ashby,n8n,n8n,
ashby,nabihealth,Nabi,
ashby,nabla,Nabla,
ashby,nabucasa,Nabu Casa,
ashby,nace.ai,Nace AI,
ashby,namespace,Namespace,
ashby,nano-qt,"Nanofiber Quantum Technologies, Inc.",
ashby,nascent,Nascent,
ashby,nava-benefits,Nava Benefits,
ashby,navattic,Navattic,
ashby,navi,Navi AI,
ashby,ncontracts,Ncontracts,
ashby,ndeavour,NDEAVOUR CONSULTING,
ashby,neara,Neara,
ashby,nebulock,Nebulock,
ashby,nectar-social,Nectar Social,
ashby,negotiate-ai,Aron,
ashby,neighborly-software,Neighborly Software,
ashby,neko-health,Neko Health,
ashby,nell,Nell,
ashby,nelly,Nelly Solutions,
ashby,nelo,Nelo,
ashby,nen-creative,Nen Creative,
ashby,neo-tax,Neo.Tax,
ashby,neocognition,NeoCognition,
ashby,neofinancial,Neo Financial,
ashby,neon-health,Neon Health,
ashby,neonredwood,Neon Redwood,
ashby,neotaste,NeoTaste,
ashby,nerdwallet,NerdWallet,
ashby,nessolabs,Nesso Labs,
ashby,nest-health,Nest Health,
ashby,nestmed,Nestmed,
ashby,nestveterinary,Nest Veterinary,
ashby,netbird,NetBird,
ashby,netboxlabs,NetBox Labs,
ashby,netgear,NETGEAR,
ashby,nethermind,Nethermind,
ashby,netic,Netic,
ashby,netpreme,Netpreme,
ashby,netwealth,Netwealth,
ashby,networkright,Network Right,
ashby,neudata,Neudata,
ashby,neura-robotics-gmbh,Neura Robotics,
ashby,neural-earth,Neural Earth,
ashby,neuralconcept,Neural Concept,
ashby,neurons-lab.com,Neurons Lab,
ashby,neurophos,Neurophos,
ashby,neuroscale,Neuroscale AI,
ashby,nevis,Nevis Wealth,
ashby,nevoya,Nevoya,
ashby,newform,Newform,
ashby,newlantern,New Lantern,
ashby,newtonx,NewtonX,
ashby,newxel,Newxel,
ashby,nexos-ai,nexos.ai,
ashby,nextdata,Nextdata,
ashby,nextlinklabs,NextLink Labs,
ashby,nexus-cognitive,Nexus One,
ashby,nexus-marketing,Nexus Marketing,
ashby,nexus.xyz,Nexus,
ashby,nexxa,Nexxa.AI,
ashby,nexxen,Nexxen,
ashby,niantic-spatial,Niantic Spatial,
ashby,nidus-technologies,Nidus Technologies,
ashby,nightfall-ai,Nightfall AI,
ashby,nimbl,Nimbl,
ashby,ninjatech.ai,NinjaTech AI,
ashby,niramedical,Nira Medical,
ashby,nirvana,Nirvana Insurance,
ashby,niural,Niural,
ashby,niva,Niva,
ashby,noda-ai,NODA AI,
ashby,nodle,Nodle,
ashby,noetica,Noetica,
ashby,noialabs,Noïa Labs,
ashby,noise-labs,Noise Labs,
ashby,nollahealth,Nolla Health,
ashby,nomad,Nomad Labs Inc,
ashby,nomic,nomic,
ashby,nomic.ai,Nomic,
ashby,nomic.foundation,Nomic Foundation,
ashby,nomos,Nomos,
ashby,nooks,Nooks,
ashby,nord-security,Nord Security,
ashby,norm-ai,Norm Ai,
ashby,normalcomputing,Normal Computing,
ashby,northflank.com,Northflank,
ashby,northslope-technologies,Northslope,
ashby,northvectordynamics,North Vector Dynamics Inc.,
ashby,northwoodspace,Northwood Space,
ashby,nory,Nory,
ashby,nory-co,NORY,
ashby,nosisbio,Nosis Bio,
ashby,notabene,Notabene,
ashby,notable,Notable,
ashby,notion,Notion,
ashby,noto,Noto,
ashby,nova-talent,Nova Talent,
ashby,novaintelligence,Nova Intelligence,
ashby,novaprime,Novaprime,
ashby,novel,Novel,
ashby,novellia,Novellia,
ashby,novig,Novig,
ashby,novita-ai,Novita AI,
ashby,novo,Novo,
ashby,nox-metals,NOX METALS,
ashby,noyo,Noyo,
ashby,ntegrity,ntegrity,
ashby,ntt-data-aivista,NTT DATA AIVista,
ashby,nubank,Nubank,
ashby,nucleus,Nucleus Genomics,
ashby,nudge,Nudge,
ashby,numeral,Numeral,
ashby,numeric,Numeric,
ashby,numerixs-quant,NumerixS Quant,
ashby,numosai,"Numos AI, inc.",
ashby,nuna,Nuna,
ashby,nursa,Nursa,
ashby,nusano,Nusano,
ashby,nylas,Nylas,
ashby,oak,Oak,
ashby,oakland-feather-river-camp,Oakland Feather River Camp,
ashby,oakslab,OAK'S LAB,
ashby,oberst,Oberst,
ashby,observable-space,Observable Space,
ashby,obsidiansystems,Obsidian Systems,
ashby,obviant,Obviant,
ashby,obvio,Obvio,
ashby,obvious,Obvious,
ashby,oceanus,Oceanus Marine Technologies,
ashby,oden-technologies,Oden Technologies,
ashby,odin,Odin,
ashby,odys-aviation,Odys,
ashby,odyssey,Odyssey,
ashby,odysseyml,Odyssey,
ashby,offdeal,OffDeal,
ashby,office-hours,Office Hours,
ashby,offstream,Offstream,
ashby,oh,Oh,
ashby,ohr,Ohr,
ashby,oktoberagency,OKTOBER,
ashby,old-mission-capital,Old Mission,
ashby,old-well-labs,Old Well Labs,
ashby,oligo,Oligo Space,
ashby,olix,OLIX,
ashby,ollama,Ollama,
ashby,omadaai,Omada.ai,
ashby,omafertility,Oma Fertility,
ashby,omarobotics,Oma Robotics,
ashby,omaze,Omaze,
ashby,omegga,Omegga,
ashby,omi,Omi,
ashby,omnea,Omnea,
ashby,omni,Omni,
ashby,omnifold,Omnifold,
ashby,omnilex,Omnilex,
ashby,omniscient,Omniscient,
ashby,one-pass-solutions,One Pass Solutions,
ashby,oneapp,OnePay,
ashby,onebrief,Onebrief,
ashby,onecrew,OneCrew,
ashby,onehealth,OneHealth Tech Corp,
ashby,oneleet,Oneleet,
ashby,onereach.ai,OneReach.ai,
ashby,oneschema,OneSchema,
ashby,onestock,OneStock,
ashby,onhires,OnHires,
ashby,onme,On Me Gifting,
ashby,onoshealth,Onos Health,
ashby,onramp,OnRamp,
ashby,ontologize,Ontologize,
ashby,onton,Onton,
ashby,onyx,Onyx,
ashby,onyx-bio,Onyx Bio,
ashby,openai,OpenAI,
ashby,openai-deployment-company,OpenAI Deployment Company,
ashby,openart,OpenArt AI,
ashby,openclaw-foundation-inc,OpenClaw Foundation,
ashby,opencoreos,OpenCoreOS,
ashby,opened,OpenEd,
ashby,openevidence,OpenEvidence,
ashby,opengov,OpenGov,
ashby,opengovsg,Open Government Products,
ashby,openhomefoundation,Open Home Foundation,
ashby,openloophealth,OpenLoop Health,
ashby,openly,Openly,
ashby,openmind,OpenMind,
ashby,openobserve-careers,OpenObserve Inc.,
ashby,openrouter,OpenRouter,
ashby,opfoundation,Optimism Foundation,
ashby,opsmill,OpsMill,
ashby,optery,"Optery, Inc.",
ashby,optimum,Optimum,
ashby,optro,Optro,
ashby,opus-training,Opus Training Inc.,
ashby,opusclip,OpusClip,
ashby,oratomic,"Oratomic, Inc.",
ashby,orb,Orb,
ashby,orbem,Orbem,
ashby,orbit,Orbit Neuro Co.,
ashby,orbital,Orbital,
ashby,orbitalindustries,Orbital Industries,
ashby,orca,Orca,
ashby,orchard,Orchard Robotics,
ashby,orchestra-bio,Orchestra Bio,
ashby,orderful,Orderful,
ashby,orita,Orita,
ashby,orum,Orum,
ashby,oscilar,Oscilar,
ashby,osmo,Osmo,
ashby,ostium,Ostium Labs,
ashby,oumi,Oumi,
ashby,outcapped,Outcapped,
ashby,outersignal,OuterSignal,
ashby,outmarket,Outmarket AI,
ashby,outpostnow,Outpost Technologies,
ashby,output,Output Biosciences,
ashby,outputinc,Output Inc,
ashby,outro-health,Outro Health USA Inc.,
ashby,outset,Outset,
ashby,outtake,Outtake,
ashby,overflow,Overflow,
ashby,overtone,Overtone,
ashby,overview,Overview Corporation,
ashby,overviewenergy,Overview Energy,
ashby,owkin,Owkin,
ashby,owner,Owner.com,
ashby,oxman,OXMAN,
ashby,oyster,Oyster,
ashby,p2p.org,P2P. org,
ashby,packz,Packz,
ashby,pactfi,PactFi,
ashby,paddle,Paddle,
ashby,paireyewear,"Pair Eyewear, Inc.",
ashby,palette-media,Palette Media,
ashby,palettelabs,Palette Labs,
ashby,palladio,Palladio AI,
ashby,pallon.com,Pallon,
ashby,palmstreet,Palmstreet,
ashby,palo-it,PALO IT,
ashby,palup,Palup.ai,
ashby,pandektes,Pandektes,
ashby,pangramlabs,Pangram Labs,
ashby,pano-ai,Pano AI,
ashby,panther-life-sciences,Panther Life Sciences,
ashby,pantograph,Pantograph,
ashby,parable,Parable,
ashby,parabola-io,Parabola,
ashby,paradigmai,Paradigm,
ashby,paradox,Paradox,
ashby,parafin,Parafin,
ashby,paraform,Paraform,
ashby,parallel,Parallel Web Systems,
ashby,parallel-bio,Parallel Bio,
ashby,parallel-fluidics,"Parallel Fluidics, Inc.",
ashby,parambil,Parambil,
ashby,parasail,Parasail,
ashby,pareto-ai,Pareto,
ashby,parity,Parity,
ashby,pariveda,Pariveda,
ashby,parker,Parker Group Inc,
ashby,parspec,Parspec,
ashby,partiful,Partiful,
ashby,partisiablockchain,Partisia Blockchain Applications,
ashby,partly.com,Partly,
ashby,partsbase,PartsBase Inc.,
ashby,partyhat,Partyhat,
ashby,passage,Passage,
ashby,passes,Passes,
ashby,passionfroot,Passionfroot,
ashby,passport,Passport,
ashby,patch.io,Patch,
ashby,pathos,The Path,
ashby,pathwork,Pathwork,
ashby,patlytics,"Patlytics, Inc.",
ashby,patreon,Patreon,
ashby,patrianna,Patrianna,
ashby,pave-power,Pave Power,
ashby,pawp,Pawp,
ashby,pax-historia,Pax Historia,
ashby,payabli,Payabli,
ashby,payflip,Payflip,
ashby,paymentology,Paymentology,
ashby,payrails,Payrails GmbH,
ashby,payzen-inc,PayZen,
ashby,pearl,Pearl,
ashby,pearlhealth,Pearl Health,
ashby,pearlyplan,Pearly,
ashby,pearpop,Pearpop,
ashby,pebl,Pebl,
ashby,peec,Peec AI,
ashby,peek,Peek,
ashby,pencil,Pencil,
ashby,pennylane,Pennylane SAS,
ashby,pensive,Pensive,
ashby,people-culture-talent,People Culture Talent,
ashby,people-data-labs,People Data Labs,
ashby,percepta,Percepta,
ashby,percona,Percona,
ashby,perfect-venue,Perfect Venue,
ashby,pergolux,Pergolux,
ashby,periodic-labs,Periodic Labs,
ashby,permitflow,PermitFlow,
ashby,permutive,Permutive,
ashby,perryweather,Perry Weather,
ashby,persona,Persona,
ashby,persona.ai,Persona AI Inc,
ashby,petra-labs,Petra Labs,
ashby,phantom,Phantom,
ashby,phasebiolabs,Phase Biolabs,
ashby,phia,Phia,
ashby,phlair,Phlair,
ashby,phoebe-work,Phoebe,
ashby,phoenix,Phoenix,
ashby,phonely,Phonely,
ashby,phonic,Phonic,
ashby,photoroom,Photoroom,
ashby,phrase,Phrase,
ashby,phylax,Phylax Systems,
ashby,phylo,"Phylo, Inc.",
ashby,physicalintelligence,Physical Intelligence,
ashby,pi-security,Pi Security,
ashby,picknik,PickNik Inc.,
ashby,picogrid,Picogrid,
ashby,pika,Pika,
ashby,pilgrim,Pilgrim,
ashby,pillarspace,Pillar Space,
ashby,pilot-fiber,Pilot Fiber,
ashby,pinecone,Pinecone,
ashby,pingo,Pingo,
ashby,pirros,Pirros,
ashby,pivotal-health,Pivotal Health,
ashby,pivotrobotics,Pivot Robotics,
ashby,pixelmatters,Pixelmatters,
ashby,plaid,Plaid,
ashby,plain,Plain,
ashby,plancraft,plancraft,
ashby,plane,"Plane Software, Inc.",
ashby,planehr,Plane,
ashby,planera,Planera,
ashby,planteria,Planteria Group,
ashby,plasma,Plasma,
ashby,plasmidsaurus,Plasmidsaurus,
ashby,platformed,Platformed,
ashby,playerzero,"PlayerZero, Inc.",
ashby,playpowerlabs,Playpower Labs,
ashby,playson,Playson,
ashby,pleo,Pleo,
ashby,pliant,Pliant,
ashby,plinth,Plinth,
ashby,plot,"Plot Technologies, Inc.",
ashby,plot-pointe,Plot Pointe,
ashby,plotly,Plotly,
ashby,ployai,Ploy,
ashby,plumerai,Plumerai,
ashby,pluralfinance,Plural,
ashby,pluralis-research,Pluralis Research,
ashby,pmmalliance,Product Marketing Alliance,
ashby,pocketprep,Pocket Prep,
ashby,pod-network,pod.network,
ashby,podium-automation,Podium Automation,
ashby,poesis,Poesis,
ashby,point-one-navigation,Point One Navigation Inc,
ashby,pointr,Pointr,
ashby,polar,Polar,
ashby,polaranalytics,Polar Analytics,
ashby,polarisgrowth,Polaris Growth,
ashby,polarsteps,Polarsteps,
ashby,polene-paris,Polène Paris,
ashby,politanalytics,PolitAnalytics,
ashby,polly,Polly,
ashby,polymarket,Polymarket,
ashby,polymath,Polymath,
ashby,polymr,polymr,
ashby,poolside,Poolside,
ashby,popl,Popl Co,
ashby,poseidonaero,Poseidon Aerospace,
ashby,posh,Posh,
ashby,posh-ai,Posh,
ashby,poshmark,Poshmark,
ashby,positive-development,Positive Development,
ashby,powerline,Powerline,
ashby,powerus,PowerUs,
ashby,pplwise,pplwise,
ashby,praecipio,Praecipio Consulting,
ashby,pragmatico,Pragmatico,
ashby,pragmatike,Pragmatike,
ashby,prairielearn,"PrairieLearn, Inc.",
ashby,pravah,Pravāh,
ashby,praxipal,praxipal,
ashby,prefect,Prefect,
ashby,prelim,Prelim,
ashby,prelude,Prelude,
ashby,preply,Preply,
ashby,preql,Preql AI,
ashby,pressw,PressW,
ashby,prevail-fund,Prevail Fund,
ashby,primary,Primary,
ashby,primer,Primer,
ashby,primer.io,Primer.io,
ashby,prior-labs,Prior Labs,
ashby,probablygenetic,Probably Genetic,
ashby,probook,Probook,
ashby,procurementsciences,Procurement Sciences,
ashby,procurify,Procurify,
ashby,prodigy-education,Prodigy Education,
ashby,product-now,ProductNow,
ashby,productgenius,Product Genius,
ashby,producthunt,Product Hunt,
ashby,productwind,ProductWind,
ashby,progress-partners,Progress Partners,
ashby,project-expedition,Project Expedition,
ashby,projecteleven,Project Eleven,
ashby,projectsbyif,Projects by IF,
ashby,prokeep,Prokeep,
ashby,promise-studios,Promise Studios,
ashby,propel,Propel,
ashby,propelus,Propelus,
ashby,prophecygov,Prophecy Gov,
ashby,prophet-security,Prophet Security,
ashby,prophetic-technologies,Prophetic Technologies Inc,
ashby,prorata,ProRata.ai,
ashby,prose,Prose,
ashby,prosper-ai,Prosper AI,
ashby,protege,Protege,
ashby,protegrity,Protegrity,
ashby,proterahealth,Protera Health,
ashby,proto-town,Proto-Town,
ashby,protocol-cares,Protocol Behavioral Health,
ashby,provable,Provable,
ashby,proxima,Proxima,
ashby,proxima-fusion,Proxima Fusion,
ashby,pryzm,Pryzm,
ashby,psi,Physical Superintelligence,
ashby,publiccloudgroup,Public Cloud Group,
ashby,publicit,Publicit Global,
ashby,pulse,Pulse,
ashby,pure,Pure,
ashby,pursuit,Pursuit,
ashby,puzzle-consulting-services,Puzzle Consulting Services,
ashby,puzzle.io,Puzzle.io,
ashby,pylon,Pylon,
ashby,pylon-labs,Pylon,
ashby,pythnetwork,Pyth Data Association,
ashby,pytho-ai,Pytho AI,
ashby,qdrant.tech,Qdrant,
ashby,qed-ai,QED.ai,
ashby,qontext,Qontext,
ashby,qorelo,Qorelo,
ashby,quadrillion-labs,Quadrillion,
ashby,quadrivia,Quadrivia,
ashby,qualified,Qualified,
ashby,qualified-health-pbc,Qualified Health PBC,
ashby,qualitate,Qualitate,
ashby,qualytics,Qualytics,
ashby,quant-aq,QuantAQ,
ashby,quanta,Quanta,
ashby,quantcast,Quantcast,
ashby,quantexa,Quantexa,
ashby,quantstamp,Quantstamp,
ashby,quantum,Quantum,
ashby,quantumleap.education,Quantum Leap,
ashby,quantware,QuantWare,
ashby,quarks-tech,Quarks,
ashby,quartermaster,Quartermaster,
ashby,quicknode,Quicknode,
ashby,quilter,Quilter,
ashby,quindar,Quindar,
ashby,quizlet-inc,Quizlet,
ashby,qumulo,Qumulo,
ashby,quora,Quora,
ashby,quorum,Quorum,
ashby,quotewell,QuoteWell,
ashby,qwilr,Qwilr,
ashby,r37,"R37 Lab, R1 RCM",
ashby,rabot,Rabot,
ashby,radai,Rad AI,
ashby,radar,Radar,
ashby,radiant,Radiant,
ashby,radiant-industries,Radiant Industries,
ashby,radiantgraph,"RadiantGraph, Inc",
ashby,radical-numerics,Radical Numerics,
ashby,raft,Raft,
ashby,raiku,Raiku,
ashby,rain,Rain,
ashby,rain-technologies,Rain Technologies Inc.,
ashby,rainfallhealth,Rainfall Health,
ashby,rainforest-pay,Rainforest,
ashby,rallyuxr,Rally,
ashby,ramielcapital,Ramiel Capital,
ashby,ramp,Ramp,
ashby,range,Range,
ashby,rapdev,RapDev,
ashby,raptive,Raptive,
ashby,rarecandy,Rare Candy,
ashby,raspberry,Raspberry AI,
ashby,ravenna,Ravenna,
ashby,ravio,Ravio,
ashby,raycast,Raycast,
ashby,raylu-ai,Raylu AI,
ashby,re-cap,re:cap,
ashby,reach,Reach Security,
ashby,reacher,Reacher,
ashby,reactivemarkets,Reactive Markets,
ashby,read-ai,"Read AI, Inc.",
ashby,readme,ReadMe,
ashby,ready,Ready,
ashby,realitydefender,Reality Defender,
ashby,realmalliance,Realm,
ashby,rebar,Rebar,
ashby,rebel-space-technologies,Rebel Space Technologies,
ashby,rebuy,"Rebuy, Inc.",
ashby,rec,Rec Technologies,
ashby,recharge,Recharge,
ashby,recraft,Recraft,
ashby,red-gate,Redgate,
ashby,red-oak,Red Oak,
ashby,reddit,Reddit,
ashby,redlygames,Redly Games,
ashby,redmetals,Red Metals,
ashby,redpine,Redpine,
ashby,reducto,Reducto,
ashby,reedsy,Reedsy,
ashby,reevo,Reevo,
ashby,reflect-orbital,Reflect Orbital,
ashby,reflectionai,Reflection,
ashby,reflow,Reflow,
ashby,reframesystems,Reframe Systems,
ashby,regard,Regard,
ashby,rehire,Rehire,
ashby,reindeer-ai,Reindeer,
ashby,reinforce-labs-inc,"Reinforce Labs, Inc.",
ashby,relace,Relace,
ashby,relationrx,relationrx,
ashby,relay,Relay Technologies,
ashby,relayfi,Relay,
ashby,relayprotocol,Relay,
ashby,relevanceai,Relevance AI,
ashby,releventfp,Relevent Football Partners,
ashby,reliable-robotics,Reliable Robotics Corporation,
ashby,remarcable-inc,"Remarcable, Inc.",
ashby,remberg,remberg,
ashby,remedyrobotics,Remedy Robotics,
ashby,remilia,Remilia Corporation,
ashby,remo,Remo Health,
ashby,render,Render,
ashby,renderfoundation,The Render Foundation,
ashby,rennscotmfg,Rennscot MFG,
ashby,rentman,Rentman,
ashby,renuity,Renuity,
ashby,reo-dev,Reo.Dev,
ashby,reonic,Reonic,
ashby,replimune,Replimune,
ashby,replit,Replit,
ashby,replo,Replo,
ashby,reprally,RepRally,
ashby,reprise,Reprise,
ashby,rerun,Rerun,
ashby,rescale,Rescale,
ashby,resend,Resend,
ashby,reserve,Reserve,
ashby,resolution,Resolution,
ashby,reson8,Reson8,
ashby,resorcer.com,Resorcer,
ashby,resq,ResQ,
ashby,restate,Restate,
ashby,restream,Restream,
ashby,reteam,Reteam,
ashby,retell-ai,Retell AI,
ashby,rev,Rev,
ashby,revel,Revel,
ashby,revelrobotics,Revel Robotics,
ashby,revelxdstudio,"Revel, Inc.",
ashby,revenuebase-inc,RevenueBase Inc,
ashby,revenuecat,RevenueCat,
ashby,revic,Revic,
ashby,revin,Revin,
ashby,reviserobotics,Revise Robotics,
ashby,revive,Revive,
ashby,revv-hq,Revv,
ashby,rewind,Rewind,
ashby,rewst,Rewst,
ashby,rho,Rho,
ashby,rhoda-ai,Rhoda AI,
ashby,ribbon-ai,Ribbon AI,
ashby,rightfoot,Rightfoot,
ashby,rilla,Rilla,
ashby,rillet,Rillet,
ashby,rime,Rime Labs,
ashby,risklabs,Risk Labs,
ashby,river,River,
ashby,riveron,Riveron,
ashby,rivet,Rivet Industries,
ashby,rivianvw.tech,Rivian and Volkswagen Group Technologies,
ashby,rivora,Rivora,
ashby,rize,Rize Education,
ashby,rnrs.solutions,RNRS Solutions,
ashby,roadsurfer.com,Roadsurfer,
ashby,robco,RobCo,
ashby,robin-radar,Robin Radar,
ashby,roboflow,Roboflow,
ashby,rocketsciencegg,Rocket Science Group,
ashby,roebling,Roebling,
ashby,rogerhealthcare,Roger Healthcare,
ashby,rohlik,Rohlik,
ashby,rojointegrations,Rojo Integrations,
ashby,rollout,Rollout,
ashby,rollstack,Rollstack,
ashby,roompricegenie,RoomPriceGenie,
ashby,root-access,Root Access,
ashby,rootglobal,Root Global,
ashby,ropes,Ropes,
ashby,rossum.ai,Rossum,
ashby,routefusion,Routefusion,
ashby,routereports,Route Reports,
ashby,rowan,Rowan Digital Infrastructure,
ashby,rubiconmd,RubiconMD,
ashby,rubie,Rubie,
ashby,ruby-labs,Ruby Labs,
ashby,rula,Rula,
ashby,runa,Runa,
ashby,rundoo,Rundoo,
ashby,runetech,Rune Technologies,
ashby,runlayer,Runlayer,
ashby,runpod,Runpod,
ashby,runsybil-jobs,RunSybil,
ashby,runway-ml,Runway,
ashby,rutter,Rutter,
ashby,rwazi,"Rwazi, Inc.",
ashby,rxvantage,RxVantage,
ashby,ryvn,Ryvn,
ashby,s2,Sigma Squared,
ashby,sabi,Sabi,
ashby,sable,Sable,
ashby,safe,Safe Software,
ashby,safelease,SafeLease,
ashby,safety,Safety Cybersecurity,
ashby,safetykit,SafetyKit,
ashby,safi,Safi,
ashby,sagecare,Sage Care Inc,
ashby,sagelabs.ai,Sage AI Labs,
ashby,sagetap,Sagetap,
ashby,sail,Sail Research,
ashby,sailorhealth,Sailor Health,
ashby,sailpeak,Sailpeak,
ashby,sainapse,Sainapse,
ashby,salesape-ai,SalesAPE.ai,
ashby,salesjack,SalesJack,
ashby,salient,Salient,
ashby,salma-health,Salma Health,
ashby,salmon-group,Salmon Group,
ashby,salonkee,Salonkee,
ashby,saltz,Saltz Marketplace,
ashby,sampura,Sampura Research,
ashby,sana-roles,Sana,
ashby,sanctuary,Sanctuary,
ashby,sandbar,Sandbar,
ashby,sandboxaq,SandboxAQ,
ashby,sanity,Sanity,
ashby,santermedia,SanterMedia,
ashby,sapien,Sapien,
ashby,sapiom,Sapiom,
ashby,sardine,Sardine,
ashby,saris-ai,Saris,
ashby,sarjai,Sarj.ai,
ashby,saronic,Saronic Technologies,
ashby,sarvam,Sarvam,
ashby,satispay,Satispay,
ashby,satoshilabs,SatoshiLabs,
ashby,sauna.ai,Sauna,
ashby,savvy,Savvy Wealth,
ashby,savvymoney,SavvyMoney,
ashby,sazabi,Sazabi,
ashby,sbs-comms,SBS Comms,
ashby,scalar,Scalar,
ashby,scale-to-win-inc,"Scale to Win, Inc",
ashby,scaled-cognition,Scaled Cognition,
ashby,scalemath,ScaleMath,
ashby,scaler,Scaler,
ashby,scalera,Scalera,
ashby,scan-com,Scan.com,
ashby,scarlet,Scarlet,
ashby,schoolhouse-world,Schoolhouse,
ashby,sciemo,Sciemo,
ashby,sciencelogic,ScienceLogic,
ashby,scientech-research,Scientech Research LLC,
ashby,scoreplay,ScorePlay,
ashby,scorewarrior,Scorewarrior,
ashby,screenverse,Screenverse,
ashby,scribe,Scribe,
ashby,scrollmark,Scrollmark,
ashby,scrunch,Scrunch,
ashby,sdsc,Surgical Data Science Collective,
ashby,se3,SE3 Labs,
ashby,sea12,Sea12 Technologies,
ashby,sealed,Sealed,
ashby,seamflow,Seamflow,
ashby,searchable,Searchable,
ashby,seccl,Seccl,
ashby,secfix,Secfix,
ashby,second-nature,Second Nature,
ashby,secondnaturecomputing,Second Nature Computing,
ashby,securebio,SecureBio,
ashby,security-level-5,Security Level 5,
ashby,seekeasy,Seekeasy,
ashby,sei-labs,Sei Labs,
ashby,seifoundation,Sei Development Foundation,
ashby,seismic-change.com,Seismic,
ashby,sekai,Sekai,
ashby,sellerx,SellerX,
ashby,sellfire,Sellfire,
ashby,sema4.ai,Sema4.ai,
ashby,semgrep,Semgrep,
ashby,semperis,Semperis,
ashby,seneca,Seneca,
ashby,sensmore,Sensmore,
ashby,sensor-tower,Sensor Tower,
ashby,sensorfact,Sensorfact,
ashby,sent,"Sent, Inc.",
ashby,sentient,Sentient,
ashby,sentient-foundation,Sentient Foundation,
ashby,sentilink,SentiLink,
ashby,sentra,Sentra,
ashby,sentry,Sentry,
ashby,seon,Seon,
ashby,seqera.io,Seqera,
ashby,seqholdings,Sequence Holdings,
ashby,sequen-ai,Sequen AI,
ashby,sequence,Sequence,
ashby,sequoia,Sequoia,
ashby,sereact,Sereact,
ashby,serverobotics,Serve Robotics,
ashby,sesame,Sesame,
ashby,sevaro,Sevaro,
ashby,sevenai,Seven AI,
ashby,sewer-ai,SewerAI Corporation,
ashby,seyna,Seyna,
ashby,sf-tensor,San Francisco Tensor Company,
ashby,sfcompute,The San Francisco Compute Company,
ashby,sfg20,SFG20,
ashby,sgnlai,SGNL.ai,
ashby,shade-inc,Shade.inc,
ashby,shadeform,Shadeform,
ashby,shapes,Shapes,
ashby,shapr3d,Shapr3D,
ashby,share,Share,
ashby,sharedcontextlab,Shared Context Lab,
ashby,sheerhealth,Sheer Health,
ashby,shepherd,Shepherd,
ashby,shift,Shift,
ashby,shiftsmart,Shiftsmart,
ashby,shook,Shook,
ashby,shuttlebase,Shuttlebase,
ashby,shuttlelabs,Shuttle Labs,
ashby,sibill,Sibill Srl,
ashby,siena,Siena AI,
ashby,sierra-studio,Sierra Studio,
ashby,sieve,Sieve,
ashby,sifflet,SIFFLET,
ashby,sift,Sift,
ashby,siftstack,"Sift Stack, Inc.",
ashby,siftwell-analytics,Siftwell Analytics,
ashby,signal-ai,Signal AI,
ashby,signalwire,"SignalWire, Inc",
ashby,sigp,Sigma Prime,
ashby,silktide,Silktide,
ashby,silnahealth.com,Silna Health,
ashby,sim,Sim,
ashby,simile,Simile,
ashby,simondata,Simon AI,
ashby,simple-ai,Simple AI,
ashby,simpleclosure,SimpleClosure,
ashby,simplestudy,SimpleStudy,
ashby,simply-wall-st,Simply Wall St,
ashby,simspace-corporation,SimSpace Corporation,
ashby,simular,Simular,
ashby,singu,SINGU,
ashby,singular,Singular,
ashby,singulate,Singulate,
ashby,sintra,Sintra,
ashby,sio-logistics,SIO Logistics,
ashby,sisense,Sisense,
ashby,sisu,Sisu,
ashby,skimmer,Skimmer,
ashby,skip-loans,Skip Loans,
ashby,skr-reisen,SKR Reisen GmbH,
ashby,skydio,Skydio,
ashby,skyecosystem,Sky Frontier Foundation,
ashby,skylo,Skylo Technologies,
ashby,skymavis,Sky Mavis,
ashby,skynrg,SkyNRG,
ashby,skywatch,SkyWatch,
ashby,slab,Slab,
ashby,slant,Slant,
ashby,slash-financial,Slash Financial,
ashby,slate,Slate,
ashby,sleeper,Sleeper,
ashby,slingshot-aerospace,Slingshot Aerospace,
ashby,slope,Slope,
ashby,small-door-veterinary,Small Door Veterinary,
ashby,smallest,Smallest,
ashby,smallpdf,Smallpdf,
ashby,smalls,Smalls,
ashby,smallstep,Smallstep,
ashby,smarkets,Smarkets,
ashby,smartleaf,Smartleaf,
ashby,snackpass,Snackpass,
ashby,snapdocs,Snapdocs,
ashby,snd,Social News Desk,
ashby,snowball,Snowball,
ashby,snowflake,Snowflake,
ashby,sobek-ai,Sobek AI,
ashby,socket,Socket,
ashby,socure,Socure,
ashby,sofarocean,Sofar Ocean,
ashby,sola,Sola,
ashby,sola-insurance,Sola Insurance,
ashby,solace,Solace Health,
ashby,solanalabs,Solana Labs,
ashby,solcoa,Solcoa Industries,
ashby,solidgate,Solidgate,
ashby,solidroad,Solidroad,
ashby,solink,Solink,
ashby,solstice,Solstice,
ashby,solva,Solva Technology,
ashby,solve.ai,SolveAI,
ashby,solveintelligence,Solve Intelligence,
ashby,soma-energy,Soma Energy,
ashby,somethings,Somethings,
ashby,somnia,Somnia,
ashby,sonar-us,Sonar,
ashby,sorcerer,Sorcerer,
ashby,sosafe,SoSafe,
ashby,soshallwe,So Shall We,
ashby,soterinsure,Soter,
ashby,sound-ventures,Sound Ventures,
ashby,sound.xyz,Sound.xyz,
ashby,sourgum,Sourgum,
ashby,southgeeks,South Geeks,
ashby,sovereign-engineering,Obscura VPN,
ashby,sovra,SOVRA,
ashby,space44,SPACE44,
ashby,spacecurve,Spacecurve,
ashby,spacial,Spacial AI,
ashby,spade,Spade,
ashby,spaice-tech,SPAICE,
ashby,spaitial,SpAItial,
ashby,span,SPAN,
ashby,spara,Spara,
ashby,spare,Spare,
ashby,sparrow,Sparrow,
ashby,sparta-commodities,Sparta,
ashby,speak,Speak,
ashby,spear-ai,Spear AI,
ashby,spearbio,Spear Bio,
ashby,specter,Specter,
ashby,spector-ai,Spector.ai,
ashby,spekit,Spekit,
ashby,spellbook.com,Spellbook,
ashby,spellbrush,Spellbrush,
ashby,spexi,Spexi,
ashby,sphere,"Sphere, Inc.",
ashby,spherecast,Spherecast,
ashby,spherical,Spherical,
ashby,spikelabs,Spike Labs,
ashby,spiral,Spiral,
ashby,spiritus,Spiritus,
ashby,splitmetrics,SplitMetrics,
ashby,spotdraft,SpotDraft,
ashby,spotminders,Spotminders,
ashby,spoton,SpotOn,
ashby,sprig,Sprig,
ashby,sprinter-health,Sprinter Health,
ashby,sprout-ai,Sprout.ai,
ashby,spruceid,"Spruce Systems, Inc.",
ashby,squad,Squad | Bowery,
ashby,squadai,Squad,
ashby,squads,Squads,
ashby,squint.ai,Squint,
ashby,ssi,SSI,
ashby,st-labs,Standard Template Labs,
ashby,stable,Stable,
ashby,stack-ai,StackAI,
ashby,stack-infrastructure-apac-pte-ltd,STACK Infrastructure APAC,
ashby,stacker,Stacker,
ashby,stackone,StackOne,
ashby,stacks,Stacks,
ashby,stainlessapi,Stainless,
ashby,standardfleet,Standard Fleet,
ashby,standardsubsea,Standard Subsea,
ashby,starbridge,Starbridge,
ashby,stargate-foundation,Stargate Foundation,
ashby,starknetfoundation,Starknet Foundation,
ashby,starpath.space,Starpath Robotics,
ashby,startplaying,StartPlaying,
ashby,stash,Stash,
ashby,statisfy,Statisfy,
ashby,statista,Statista,
ashby,stayai,Stay AI,
ashby,stealth,Stealth Startup,
ashby,stealth-healthtech-startup,Stealth HealthTech Startup,
ashby,stealthventurecapitalfirm,Stealth Venture Capital Firm,
ashby,stedi,Stedi,
ashby,steel,Steel,
ashby,stellar,Stellar Development Foundation,
ashby,stellar-health,Stellar Health,
ashby,stellarentertainment,Stellar Entertainment Software Ltd,
ashby,stellic,Stellic,
ashby,stensul,Stensul,
ashby,steuerbot,Steuerbot,
ashby,stickermule,Sticker Mule,
ashby,stigg,Stigg,
ashby,stillbright,Still Bright,
ashby,stndrd,STNDRD,
ashby,stork,Stork Labs,
ashby,stotles.com,Stotles,
ashby,stradahq,Strada,
ashby,strala-ai,Strala,
ashby,strange-loop-labs,Strange Loop Labs,
ashby,strategic-growth-partners,Strategic Growth Partners,
ashby,stratum-ai,Stratum AI,
ashby,stream,Stream,
ashby,streetgroup,Street Group,
ashby,strella,Strella,
ashby,strider-technologies,Strider Technologies,
ashby,strix,Strix,
ashby,strongdm,StrongDM,
ashby,stronghold,Stronghold,
ashby,stuut-ai,Stuut,
ashby,stytch,Stytch,
ashby,sublime-security,Sublime Security,
ashby,subsets,Subsets,
ashby,substack,Substack,
ashby,substrate,Substrate,
ashby,subtotal,Subtotal,
ashby,subzero,Subzero Labs,
ashby,succinct,Succinct,
ashby,summation,Summation,
ashby,summer-robotics,Summer Robotics,
ashby,summerhealth,Summer Health,
ashby,sunday,Sunday Robotics,
ashby,sunday-natural,Sunday Natural,
ashby,sunflower-sober,Sunflower Sober,
ashby,suno,Suno,
ashby,sunrise,Sunrise Robotics Corporation,
ashby,sunset,Sunset,
ashby,sunset-studios,Sunset Studios,
ashby,supabase,Supabase,
ashby,super.com,Super.com,
ashby,superconductor,Superconductor,
ashby,superdial,SuperDial,
ashby,superplane,SuperPlane,
ashby,superpower,Superpower,
ashby,surge-ai,Surge AI,
ashby,surgimate,Surgimate,
ashby,susteon,Susteon Inc.,
ashby,svix,Svix,
ashby,swamp-club,Swamp Club,
ashby,swans,Swans,
ashby,swap,Swap,
ashby,swarmaero,Swarm Aero,
ashby,swarmer,Swarmer,
ashby,swarmia,Swarmia,
ashby,sweatpals,Sweatpals,
ashby,sweedpos.com,Sweed,
ashby,sweep,Sweep,
ashby,swishbreaks,Swishbreaks,
ashby,switchboard,Switchboard,
ashby,sxaler,Sxaler,
ashby,sybill-ai,Sybill AI,
ashby,sydecar,Sydecar,
ashby,sygaldry-technologies,Sygaldry Technologies,
ashby,sylvera,Sylvera,
ashby,symbiotic,Symbiotic,
ashby,symbolica-ai,Symbolica AI,
ashby,synctera,Synctera,
ashby,synhawk,Synhawk,
ashby,synquery,Synquery,
ashby,synthesia,Synthesia,
ashby,synthetic,Synthetic,
ashby,syzygy,Syzygy Research,
ashby,t1energy,T1 Energy,
ashby,taaraconnect,Taara,
ashby,tabz,Tabz,
ashby,tacit,Tacit,
ashby,tactiq,Tactiq,
ashby,tacto,Tacto,
ashby,taekus,Taekus,
ashby,tailor,Tailor,
ashby,tailwind,Tailwind,
ashby,tajir,Tajir,
ashby,take2,Take2,
ashby,tako,Tako,
ashby,taktile,Taktile,
ashby,talentful,Talentful,
ashby,talentsafari,Talent Safari,
ashby,talkiatry,Talkiatry,
ashby,tamr,Tamr,
ashby,tandem-health,Tandem Health,
ashby,tandempv,Tandem PV,
ashby,tango,Tango,
ashby,tapblaze,TapBlaze,
ashby,tapcart,Tapcart Inc.,
ashby,tapcheck,Tapcheck,
ashby,tarro,Tarro,
ashby,tasman,Tasman Analytics,
ashby,tavahealth,Tava Health,
ashby,tavily,Tavily,
ashby,tavrn,Tavrn.ai,
ashby,tavus,Tavus,
ashby,taxfix.com,Taxfix,
ashby,taxforce,Taxforce,
ashby,taxo,Taxo,
ashby,tbc,The Biological Computing Co.,
ashby,tdv,The Deep View,
ashby,teachfx,TeachFX,
ashby,teal-health,Teal Health,
ashby,tealhq,Teal HQ,
ashby,teambridge,Teambridge,
ashby,teamdynamix,TeamDynamix,
ashby,teameigen,Eigen,
ashby,teamworks,Teamworks,
ashby,tebi,Tebi,
ashby,techne-elysia,Elysia,
ashby,techtorch,Techtorch,
ashby,techyrecruiter,Techy Recruiter,
ashby,teero,Teero,
ashby,teiko,Teiko,
ashby,teleskope,Teleskope,
ashby,telli,telli,
ashby,tellos,"Tellos, Inc.",
ashby,telus-digital,TELUS Digital,
ashby,tem,tem,
ashby,tempo-io,Tempo,
ashby,tempo-xyz,Tempo,
ashby,temporal,Temporal Technologies,
ashby,tenex,TENEX.AI,
ashby,tenexlabs,Tenex,
ashby,tenjin,Tenjin,
ashby,tennr,Tennr,
ashby,tenor,Tenor,
ashby,tensec,Tensec,
ashby,terac,Terac,
ashby,teraswitch,Teraswitch,
ashby,terminal,Terminal,
ashby,terminal-industries,Terminal Industries,
ashby,tern,Tern Travel,
ashby,ternary,Ternary,
ashby,terra,TERRA,
ashby,terraai,Terra AI,
ashby,terranova,Terranova,
ashby,tessera-labs,Tessera Labs,
ashby,tesslcareers,Tessl,
ashby,teton,Teton.ai,
ashby,tetrix,Tetrix,
ashby,tetsuwan,Tetsuwan Scientific,
ashby,textla,Textla,
ashby,textlayer,TextLayer,
ashby,texture,Texture,
ashby,teya,Teya,
ashby,teza-technologies,Teza Technologies,
ashby,tgc,The Generalist Company Ltd,
ashby,thaleron,Thaleron,
ashby,thatgamecompany,thatgamecompany,
ashby,the-exploration-company,The Exploration Company,
ashby,the-global-talent-co,The Global Talent Co.,
ashby,the-studio,The Utopia Venture Platform,
ashby,the-token-company,The Token Company,
ashby,theacademysf,Horowitz Andreessen Academy,
ashby,thebotcompany,The Bot Company,
ashby,theflex,The Flex,
ashby,theprimary,Primary,
ashby,thera,Thera,
ashby,thesirius,Sirius,
ashby,thesis,Thesis Inc.,
ashby,thinkific,Thinkific,
ashby,third-space-therapy,Third Space,
ashby,thirdlaw,"ThirdLaw, Inc.",
ashby,thndr,Thndr,
ashby,thought-machine,Thought Machine,
ashby,thread-ai,Thread AI,
ashby,threataware,ThreatAware,
ashby,threev.ai,"ThreeV Technologies, Inc.",
ashby,thrill-labs,Thrill Labs,
ashby,thrivo-wealth,Thrivo Wealth Partners,
ashby,thumbtack,Thumbtack,
ashby,thundercompute,Thunder Compute,
ashby,thyme-care,Thyme Care,
ashby,tight,Tight,
ashby,tightrope,Tightrope,
ashby,tilderesearch,Tilde Research,
ashby,tilla,Tilla,
ashby,tillo,Tillo,
ashby,tilt,Tilt,
ashby,tilthq,Tilt Finance,
ashby,timely,Timely,
ashby,tin-can,Tin Can,
ashby,tinkermode,"MODE, Inc.",
ashby,tiny-health,Tiny Health,
ashby,titan,Titan,
ashby,titan-ai,Titan AI,
ashby,titan-msp,Titan,
ashby,tivita,Tivita,
ashby,tldr.tech,TLDR,
ashby,tldraw,tldraw,
ashby,togal-ai,Togal AI,
ashby,toggl,TOGGL,
ashby,tolan,Tolan,
ashby,tolmo,Tolmo,
ashby,toma,Toma,
ashby,tomo,Tomo Mortgage,
ashby,tomo.ai,Tomo,
ashby,toms,TOMS,
ashby,tonal,Tonal,
ashby,toogeza,Toogeza,
ashby,toogoodtogo,Too Good To Go,
ashby,top-hat,Top Hat,
ashby,topline-pro,Topline Pro,
ashby,topologic,Topologic,
ashby,toposbio,Topos Bio,
ashby,tortus,TORTUS,
ashby,tourlane,Tourlane,
ashby,town,"Town.com, Inc.",
ashby,traba,Traba,
ashby,tracebit,Tracebit,
ashby,tracelabs,Trace,
ashby,tractable,Tractable,
ashby,tradeify,Tradeify,
ashby,trading212,Trading212,
ashby,tradinghub,TradingHub,
ashby,trainline,Trainline,
ashby,trajectory,Trajectory,
ashby,transgrid-energy,TransGrid Energy,
ashby,traversal,Traversal,
ashby,trawa,trawa,
ashby,tray-ai,Tray.ai,
ashby,traysar,Traysar,
ashby,tread,Tread,
ashby,treefera,Treefera,
ashby,treeswift,Treeswift Inc,
ashby,trener-robotics,Trener,
ashby,tribalhealthconnections,Tribal Health Connections,
ashby,tribe-ai,Tribe AI,
ashby,tribe-xyz,Tribe.xyz,
ashby,triedge-investments,TriEdge Investments,
ashby,trig,Trig,
ashby,triggerdev,Trigger.dev,
ashby,triiodide,Triiodide,
ashby,trilitech,Trilitech,
ashby,triomics,Triomics,
ashby,triumph-arcade,Triumph,
ashby,trm-labs,TRM Labs,
ashby,trovehq,Trove,
ashby,troveo,Troveo AI,
ashby,trovy,Trovy,
ashby,trucksmarter,TruckSmarter,
ashby,true-classic-tees,True Classic,
ashby,truelinkfinancial,True Link Financial,
ashby,truelogic,Truelogic,
ashby,truemed,Truemed,
ashby,trulioo,Trulioo,
ashby,trunk,Trunk Tools,
ashby,trust-wallet,Trust Wallet,
ashby,trustlab,TrustLab,
ashby,trustly,Trustly,
ashby,tryalma,Alma,
ashby,trychroma,Chroma,
ashby,tryroam,Roam,
ashby,trysend,SEND,
ashby,tunnl,Tunnl,
ashby,turbolaw,TurboLaw,
ashby,turbopuffer,turbopuffer,
ashby,turion-space,Turion Space,
ashby,turn-river,Turn/River,
ashby,turnstile,Turnstile,
ashby,turquoise-health,Turquoise,
ashby,twelve,Twelve,
ashby,twelve-labs,TwelveLabs,
ashby,twenty,Twenty,
ashby,twin-so,Twin Labs,
ashby,twinprime,Twin Prime,
ashby,tyba,Tyba,
ashby,tycho-ai,Tycho.AI,
ashby,typesafe-ai,TypeSafe AI,
ashby,tzafon,Tzafon,
ashby,udisc,UDisc,
ashby,uforce,UFORCE,
ashby,uipath,UiPath,
ashby,ultra,Ultra Pouches,
ashby,ultralytics,Ultralytics,
ashby,umbrel,Umbrel,
ashby,unblock-computing,Unblock Computing,
ashby,uncountable,Uncountable Inc.,
ashby,unicornpro,Unicorn Pro,
ashby,unicourt,UniCourt Inc,
ashby,unify,Unify,
ashby,union-tech,Union Technologies,
ashby,uniswap,Uniswap Labs,
ashby,unit,Unit,
ashby,united-talent-agency,United Talent Agency,
ashby,uniti,Uniti AI,
ashby,unitxlabs,UnitX,
ashby,unity-advisory,Unity Advisory,
ashby,universalagi,UniversalAGI,
ashby,unlikelyai,UnlikelyAI,
ashby,unlimitedindustries,Unlimited,
ashby,unmind,Unmind,
ashby,unstructured,Unstructured Technologies Inc.,
ashby,unto-labs,Unto Labs,
ashby,upchurch,Upchurch,
ashby,updoc,UpDoc,
ashby,upflow,Upflow,
ashby,upguard,UpGuard Inc.,
ashby,uplane,Uplane,
ashby,upside,Upside,
ashby,upside-tech,Upside,
ashby,upvest,Upvest,
ashby,usekernel,Kernel,
ashby,usul,Usul,
ashby,v7labs.com,V7,
ashby,vClusterLabs,vCluster Labs,
ashby,vacuumgroup,Vacuumgroup / Vacuumlabs,
ashby,vaeridion,VÆRIDION,
ashby,valence,Valence Discovery,
ashby,valency,Valency Systems Inc.,
ashby,valeriehealth,Valerie Health,
ashby,valinor,"Valinor Enterprises, Inc.",
ashby,valiussciences,Valius Sciences,
ashby,valkai,Valkai,
ashby,vals-ai,Vals AI,
ashby,valstad,Valstad,
ashby,valthos,Valthos,
ashby,vandenboomassociates,van den Boom & Associates,
ashby,vanilla,Vanilla Technologies,
ashby,vanishid,VanishID,
ashby,vanta,Vanta,
ashby,vantage,Vantage,
ashby,vantageanalytics,Vantage,
ashby,vantheon,Vantheon,
ashby,vapi,Vapi,
ashby,variant-fund,Variant,
ashby,vasco,Vasco,
ashby,vastai,Vast.ai,
ashby,vea-connect,VEA Connect,
ashby,vector,Vector,
ashby,veda,Veda Tech Labs Inc,
ashby,veeda-ai,Veeda AI,
ashby,veezu,Veezu,
ashby,vega,Vega,
ashby,veho-tech-inc,Veho,
ashby,veliu,Veliu,
ashby,velocity,Velocity,
ashby,venatus.com,Venatus,
ashby,vend-park,Vend Park,
ashby,vendelux,Vendelux,
ashby,venn,Venn,
ashby,ventuals,Ventuals,
ashby,verdance,Verdance,
ashby,verge-labs,Verge Labs,
ashby,verisoul,Verisoul,
ashby,versemedical,Verse Medical,
ashby,vertical-aerospace,Vertical Aerospace,
ashby,verticalsemi,Vertical Semiconductor,
ashby,vertice,Vertice,
ashby,verto,Verto,
ashby,vesta,Vesta Innovations Inc.,
ashby,vibe,Vibe,
ashby,victorious,Victorious,
ashby,videa.ai,Videa,
ashby,vidrush,VIDRUSH AI STUDIOS LLP,
ashby,viessmann,Viessmann Generations Group,
ashby,viggle,Viggle AI,
ashby,vigil-markets,Vigil Markets,
ashby,viktor,Viktor,
ashby,vio,Vio,
ashby,violet,VIOLET,
ashby,virahealth,Vira Health,
ashby,virio,Virio,
ashby,virtahealth,Virta Health,
ashby,virtuous,Virtuous,
ashby,vistar,Vistar Media,
ashby,vitable,Vitable,
ashby,vital-lyfe,Vital Lyfe,
ashby,vitalize,Vitalize,
ashby,vitvio,VitVio,
ashby,vivian-health,Vivian Health,
ashby,vivun,Vivun Inc.,
ashby,vizcom,Vizcom,
ashby,vizzia,Vizzia,
ashby,vmax,Vmax AI Corp,
ashby,voicemod,Voicemod,
ashby,voize,voize,
ashby,voladynamics,Vola Dynamics,
ashby,voldex,Voldex Games,
ashby,voleon,The Voleon Group,
ashby,volition-capital,Volition Capital,
ashby,volley-automation,Volley Automation,
ashby,volta,Volta,
ashby,voltai.careers,Voltai,
ashby,voltrac,Voltrac S.L.,
ashby,voodoo,Voodoo,
ashby,vooma,Vooma,
ashby,vorticity,Vorticity Inc.,
ashby,vorto,Vorto,
ashby,vow,Vow,
ashby,voyant-photonics,Voyant Photonics,
ashby,voyfai,Voyfai,
ashby,vyn,Vyn,
ashby,vynca,Vynca,
ashby,wabi,"Wabi, Inc.",
ashby,wafer,Wafer,
ashby,wagmo,Wagmo,
ashby,wallbit,Wallbit,
ashby,walrus,Walrus Foundation,
ashby,walrusfi,Walrus,
ashby,wand,Wand,
ashby,wand-ai,Wand Synthesis AI Inc,
ashby,warp,Warp,
ashby,watney,Watney,
ashby,wayflyer,Wayflyer,
ashby,wayve,Wayve,
ashby,wealth-com,Wealth.com,
ashby,wealthsimple,Wealthsimple Technologies,
ashby,wearebeyondsports,Beyond Sports,
ashby,weave,Weave,
ashby,weave-grid,"WeaveGrid, Inc.",
ashby,weaviate,Weaviate,
ashby,webAI,webAI,
ashby,weekend,Weekend,
ashby,welfarefootprint,Welfare Footprint Institute,
ashby,wellsheet,Wellsheet,
ashby,welltech,Welltech,
ashby,wellth,Wellth,
ashby,welltheory,WellTheory,
ashby,wemolo,Wemolo,
ashby,westmag,Western Magnetics Company,
ashby,wetravel,WeTravel,
ashby,whalo,Whalo,
ashby,what3words,what3words,
ashby,whatnot,Whatnot,
ashby,wheel,Wheel,
ashby,whetstoneresearch,Whetstone Research,
ashby,whippy,Whippy,
ashby,whisk,Whisk,
ashby,whiskeylibrary,Whiskey Library,
ashby,whitecircle,White Circle,
ashby,whoop,Whoop,
ashby,whop,Whop,
ashby,widgetfactory,idlexperts,
ashby,willow-health,Willow Health,
ashby,willreed,Will Reed,
ashby,wilson,WilsonAI,
ashby,wincent,Wincent,
ashby,windborne-systems,WindBorne Systems,
ashby,windfall,Windfall Trust,
ashby,windranger,Windranger Labs,
ashby,wirescreen,WireScreen,
ashby,wispr-flow,Wispr Flow,
ashby,wistia,Wistia,
ashby,withcherry,"Cherry Technologies, Inc.",
ashby,withclutch,Clutch,
ashby,withco,withco,
ashby,withdaydream,daydream,
ashby,withdefault,Default,
ashby,withflex,Flex,
ashby,within.ai,Within,
ashby,withpace,Pace,
ashby,withpulley,Pulley,
ashby,withwisdom,Wisdom,
ashby,witnessai,Witness AI,
ashby,wolfjaw-careers,Wolfjaw Studios,
ashby,wonderful,Wonderful,
ashby,wonderly,Wonderly,
ashby,wordsmith,Wordsmith AI,
ashby,workerbase,WORKERBASE,
ashby,workhero,WorkHero,
ashby,workhuman,Workhuman,
ashby,workos,WorkOS,
ashby,worktrace ai,Worktrace AI,
ashby,workwhilejobs,WorkWhile,
ashby,workyard,Workyard,
ashby,world-foundation,World Foundation,
ashby,world-golf-tour,World Golf Tour (WGT),
ashby,worldlabs,World Labs,
ashby,worldly,Worldly,
ashby,wormholelabs,Wormhole Labs,
ashby,wraithwatch,Wraithwatch Corporation,
ashby,wrapbook,Wrapbook,
ashby,wursta,Wursta,
ashby,wynd-labs,Wynd Labs,
ashby,xapien,Xapien,
ashby,xbowcareers,XBOW,
ashby,xds,XDS,
ashby,xenon,Xenon Pharmaceuticals,
ashby,xephyr,Xephyr,
ashby,xero,Xero,
ashby,xnrgy-climate-systems,XNRGY Climate Systems,
ashby,xona-space,Xona Space Systems,
ashby,xyz-reality,XYZ Reality,
ashby,yadda,Yadda,
ashby,yazio,Yazio,
ashby,ycombinator,Y Combinator,
ashby,yeet,yeet,
ashby,yendo,Yendo,
ashby,yepoda,Yepoda,
ashby,yobi,Yobi,
ashby,yolabs,Yo Labs,
ashby,yondr,Yondr,
ashby,yotta,Yotta Labs,
ashby,you-health,You Health,
ashby,yourco,"Yourco, Inc.",
ashby,yubo,Yubo,
ashby,yumaai,Yuma AI,
ashby,zafran-security,Zafran Security,
ashby,zapier,Zapier,
ashby,zauber,Zauber,
ashby,zayzoon,ZayZoon,
ashby,zeal-network,Zeal Network,
ashby,zed,Zed,
ashby,zedfinancial,Zed,
ashby,zeely,Zeely Inc.,
ashby,zefir,Zefir,
ashby,zefr,Zefr,
ashby,zeit-ai,Zeit AI (YC S24),
ashby,zencastr,Zencastr,
ashby,zenjob,Zenjob,
ashby,zeno,Zeno,
ashby,zenos,Zenos,
ashby,zettabyte-space,Zettabyte,
ashby,zilch,Zilch,
ashby,zip,Zip,
ashby,ziplines,"Ziplines, Inc.",
ashby,zippymh,Zippy,
ashby,zodl,ZODL,
ashby,zoe,ZOE,
ashby,zoomlogi,Zoomlogi,
ashby,zowie,Zowie,
ashby,zuru,ZURU,
ashby,zydro,Zydro Marine Technologies,
ashby,zyphra,Zyphra,
greenhouse,10alabs,10a Labs,
greenhouse,21shares,21Shares,
greenhouse,3redpartners,3RedPartners,
greenhouse,8451,84.51 Degrees,
greenhouse,accenturefederalservices,Accenture,
greenhouse,aevexaerospace,Aevex Aerospace,
greenhouse,affirm,Affirm,
greenhouse,affirmedrxpbc,AffirmedRx,
greenhouse,alarmcom,Alarm.com,
greenhouse,altentechnologyusa,ALTEN Technology,
greenhouse,amca,AMCA,
greenhouse,amperesand,Amperesand,
greenhouse,andurilindustries,Anduril,
greenhouse,anthropic,Anthropic,
greenhouse,aperaaiinc,Apera AI,
greenhouse,appian,Appian,
greenhouse,applovin,AppLovin,
greenhouse,apptronik,Apptronik,
greenhouse,aquaticcapitalmanagement,Aquatic Capital Management,
greenhouse,arcboatcompany,Arc,
greenhouse,argmax,Argmax,
greenhouse,assuredguaranty,Assured Guaranty,
greenhouse,asteraearlycareer2026,Astera Labs,
greenhouse,asteralabs,Astera Labs,
greenhouse,astranis,Astranis,
greenhouse,atlassand,Atlas Energy Solutions,
greenhouse,attentive,Attentive,
greenhouse,attotude,AttoTude,
greenhouse,audaxgroup,Audax Group,
greenhouse,authenticinsurance,Authentic,
greenhouse,axq,AXQ Capital,
greenhouse,babelstreet,Babel Street,
greenhouse,baidu,Baidu USA,
greenhouse,baltimoreorioles,Major League Baseball,
greenhouse,bertramcapitalmanagement,Bertram Capital Management,
greenhouse,bgeinc,BGE,
greenhouse,bgeinccampus,BGE,
greenhouse,blackcanyonconsulting,BCC,
greenhouse,blackedgecapital,BlackEdge Capital,
greenhouse,blenheimchalcot,Blenheim Chalcot,
greenhouse,bluestaq,Bluestaq,
greenhouse,botauto,Bot Auto,
greenhouse,bottomlinetechnologies,Bottom Line,
greenhouse,bracebridgecapital,Bracebridge Capital,
greenhouse,brave,Brave,
greenhouse,brevium,Brevium,
greenhouse,bti36021,BTI360,
greenhouse,businessolverinvitationonly,Businessolver,
greenhouse,canonical,Canonical,
greenhouse,capstoneinvestmentadvisors,Capstone Investment Advisors,
greenhouse,captivation,Captivation,
greenhouse,chaosindustries,CHAOS Industries,
greenhouse,chicagotradingcampus,Chicago Trading Company,
greenhouse,chowbus,ChowBus,
greenhouse,clarityinnovates,Clarity Innovations,
greenhouse,claudecorps,Anthropic,
greenhouse,clevelandguardiansbops,Major League Baseball,
greenhouse,clockworksystems,Clockwork Systems,
greenhouse,cloudflare,Cloudflare,
greenhouse,cnssummerassociates,Cohen & Steers,
greenhouse,compeerfinancial,Compeer Financial,
greenhouse,covar,CoVar,
greenhouse,cresta,Cresta,
greenhouse,cssmerge,Atoms,
greenhouse,ctccampusboard,Chicago Trading Company,
greenhouse,darkwolfsolutions,Dark Wolf Solutions,
greenhouse,datacor,Datacor,
greenhouse,devtechnology,Dev Technology Group,
greenhouse,dhpace,DH Pace,
greenhouse,didi,DiDi Global,
greenhouse,digs,Digs,
greenhouse,discord,Discord,
greenhouse,docugami,Docugami,
greenhouse,doordashcanada,DoorDash,
greenhouse,doordashusa,DoorDash,
greenhouse,drweng,DRW,
greenhouse,drwuniversityjobs,DRW,
greenhouse,duolingounirecruitment,Duolingo,
greenhouse,dvtrading,DV Trading,
greenhouse,efficientcomputer,Efficient Computer,
greenhouse,elwoodtechnologies,Elwood Technologies,
greenhouse,emergentlabsinc,Emergent Labs,
greenhouse,enigmaio,Enigma,
greenhouse,enova,Enova,
greenhouse,eosfitness,EoS Fitness,
greenhouse,eqtcorporation,EQT Corporation,
greenhouse,eudia,Eudia,
greenhouse,eulerity,Eulerity,
greenhouse,everlaw,Everlaw,
greenhouse,evolutioniq,EvolutionIQ,
greenhouse,evolver,Evolver,
greenhouse,faradayfuture,Faraday Future,
greenhouse,fccincinnati,Fussball Club Cincinnati LLC (“FC Cincinnati”),
greenhouse,figma,Figma,
greenhouse,figureai,Figure,
greenhouse,fiveringsllc,Five Rings Capital,
greenhouse,flowtraders,Flow Traders,
greenhouse,focalsystems,Focal Systems,
greenhouse,fosphamarketing,Fospha,
greenhouse,fourkites,FourKites,
greenhouse,freedomconsulting,Freedom Technology Solutions Group,
greenhouse,freeformfuturecorp,Freeform,
greenhouse,fspco-op012325,Flagship Pioneering,
greenhouse,gallup,Gallup,
greenhouse,gardacp,Garda Capital Partners,
greenhouse,garnerhealth,Garner Health,
greenhouse,gassouth,Gas South,
greenhouse,gcmgrosvenor,GCM Grosvenor,
greenhouse,generalmatter,General Matter,
greenhouse,genevatrading,Geneva Trading,
greenhouse,genscript,GenScript,
greenhouse,gingerlabsinc,Notability,
greenhouse,gitai,GITAI,
greenhouse,givedirectly,GiveDirectly,
greenhouse,gleanwork,Glean,
greenhouse,globalwebindex,Global Web Index,
greenhouse,gotion,Gotion,
greenhouse,graphcore,Graphcore,
greenhouse,haizelabs,Haize Labs,
greenhouse,haven,Haven Studios,
greenhouse,headlandstechnologiesllc,Headlands Tech Holdings,
greenhouse,hellbenderinc,HELLBENDER,
greenhouse,hevenaerotech,Heven AeroTech,
greenhouse,hometapjobs,Hometap,
greenhouse,hpiq,HP IQ,
greenhouse,hudl,Hudl,
greenhouse,humansignal,HumanSignal,
greenhouse,hyannisportresearch,HPR (Hyannis Port Research),
greenhouse,idmeuniversityrecruiting,ID.me,
greenhouse,innodatainc,Innodata,
greenhouse,instalilyai,InstaLILY,
greenhouse,instead,Instead,
greenhouse,insurify,Insurify,
greenhouse,integra,Integra FEC,
greenhouse,integrainterns,Integra FEC,
greenhouse,internshiplist2000,Geotab,
greenhouse,intersystems,InterSystems,
greenhouse,janestreet,Jane Street,
greenhouse,jumio,Jumio,
greenhouse,k2spacecorporation,K2 Space,
greenhouse,katalyst,Katalyst Space Technologies,
greenhouse,kikoff,Kikoff,
greenhouse,klaviyocampus,Klaviyo,
greenhouse,knowbe4,KnowBe4,
greenhouse,kodiak,Kodiak Robotics,
greenhouse,later,Later,
greenhouse,latitude,Latitude AI,
greenhouse,lgelectronics,LG Electronics,
greenhouse,lightmatter,Lightmatter,
greenhouse,ludorobotics,Ludo Robotics,
greenhouse,map,VML,
greenhouse,mattermost,Mattermost,
greenhouse,mavensecuritiesholdingltd,Maven Securities,
greenhouse,maybellquantum,Maybell Quantum Industries,
greenhouse,mcmastercarr,McMaster-Carr,
greenhouse,medicalinformaticsengineering,Medical Informatics Engineering,
greenhouse,mill,Mill,
greenhouse,mitratech,Mitratech,
greenhouse,momentenergy,Moment Energy,
greenhouse,morsecorpcoop,Meridian Partners,
greenhouse,msfcareers,Doctors Without Borders,
greenhouse,muonspace,Muon Space,
greenhouse,mw-tech-grad,Marshall Wace,
greenhouse,mwinternshipprogram,Marshall Wace,
greenhouse,nanopathinc,Nanopath,
greenhouse,natera,Natera,
greenhouse,nationallifeinsurancecompany,National Life,
greenhouse,neuralink,Neuralink,
greenhouse,newsbreak,NewsBreak,
greenhouse,nimblerobotics,Nimble Robotics,
greenhouse,nisc,National Information Solutions Cooperative,
greenhouse,oklo,Oklo,
greenhouse,oneimaging,OneImaging,
greenhouse,opentable,OpenTable,
greenhouse,optiverprivate,Optiver,
greenhouse,orennia,Orennia,
greenhouse,pacificfusion,Pacific Fusion,
greenhouse,parallel,Parallel Systems,
greenhouse,patterndata,Pattern Data,
greenhouse,pdtpartners,PDT Partners,
greenhouse,perfectserve,PerfectServe,
greenhouse,perpay,Perpay,
greenhouse,phoenixcontact,Phoenix Contact,
greenhouse,planetscale,PlanetScale,
greenhouse,pmg,PMG,
greenhouse,point72,Point72,
greenhouse,profluent,Profluent,
greenhouse,queracomputinginc,QuEra Computing,
greenhouse,radixuniversity,Radix Trading,
greenhouse,relativity,Relativity Space,
greenhouse,relaypro,Relay,
greenhouse,rfsmart,RF-SMART,
greenhouse,riotgamesup,Riot Games,
greenhouse,robinhood,Robinhood,
greenhouse,roboforce,RoboForce,
greenhouse,rocketlab,Rocket Lab USA,
greenhouse,sage49,Sage,
greenhouse,samayaai,Samaya,
greenhouse,scaleai,Scale AI,
greenhouse,schonfeld,Schonfeld,
greenhouse,scoutai,Scout AI,
greenhouse,selffinancial,Self Financial,
greenhouse,sevenresearch,Seven Research,
greenhouse,sharkninjaoperatingllc,SharkNinja,
greenhouse,shifttechnology,Shift,
greenhouse,sigmacomputing,Sigma Computing,
greenhouse,simplisafe,SimpliSafe,
greenhouse,singlestore,SingleStore,
greenhouse,smartlyio,Smartly.io,
greenhouse,sonyinteractiveentertainmentglobal,Sony Interactive Entertainment,
greenhouse,spacex,SpaceX,
greenhouse,synack,Synack,
greenhouse,syskahennessy,Syska Hennessy Group,
greenhouse,tanium,Tanium,
greenhouse,taxreliefadvocates,Tax Relief Advocates,
greenhouse,teletrackingtechnologiesinc,TeleTracking,
greenhouse,tenstorrentuniversity,Tenstorrent,
greenhouse,testnisc,National Information Solutions Cooperative,
greenhouse,thealleninstitute,The Allen Institute for AI,
greenhouse,thebrattlegroup,The Brattle Group,
greenhouse,themjcos,The MJ Companies,
greenhouse,thenuclearcompany,The Nuclear Company,
greenhouse,thetradedesk,The Trade Desk,
greenhouse,thinkacademyus,Think Academy International Education,
greenhouse,togetherai,Together AI,
greenhouse,torcrobotics,Torc Robotics,
greenhouse,trace3,Trace3,
greenhouse,transmarketgroup,TransMarket Group,
greenhouse,tribalscale,TribalScale,
greenhouse,tripadvisor,TripAdvisor,
greenhouse,trueanomalyinc,True Anomaly,
greenhouse,truveta,Truveta,
greenhouse,uareai,Uare.ai,
greenhouse,vardaspace,Varda Space,
greenhouse,vaxcyte,Vaxcyte,
greenhouse,vercel,Vercel,
greenhouse,verkada,Verkada,
greenhouse,vestwell,Vestwell,
greenhouse,viamrobotics,Viam,
greenhouse,vikingglobalinvestors,Viking Global,
greenhouse,virtu,Virtu Financial,
greenhouse,voloridgeinvestmentmanagement,Voloridge,
greenhouse,voyagertechnologiesinc,Voyager Technologies,
greenhouse,walleyecapital-external-fulltime,Walleye Capital,
greenhouse,walleyecapital-external-students,Walleye Capital,
greenhouse,whitewatermidstream,WhiteWater Midstream,
greenhouse,wikimedia,Wikimedia Foundation,
greenhouse,wonderschool,Wonderschool,
greenhouse,woolpert,Woolpert,
greenhouse,workato,Workato,
greenhouse,workshop,Workshop,
greenhouse,world4822stri986des,WorldStrides,
greenhouse,worldquant,WorldQuant,
greenhouse,wpp,WPP,
greenhouse,wurljobs,Wurl,
greenhouse,xai,xAI,
greenhouse,xairatherapeutics,Xaira Therapeutics,
greenhouse,xantium,Xantium,
greenhouse,xpengmotors,XPENG Motors,
greenhouse,zetaglobal,Zeta Global,
greenhouse,ziprecruiter,ZipRecruiter,
lever,CesiumAstro,CesiumAstro,
lever,MachinaLabs,Machina Labs,
lever,acceldata,Acceldata,
lever,acronaviation,Acron Aviation,
lever,agile-defense,Agile Defense,
lever,alertus,Alertus Technologies,
lever,allegiantair,Allegiant Air,
lever,analyticpartners,Analytic Partners,
lever,anavationllc,AnaVation,
lever,artera-2,Artera,
lever,belvederetrading,Belvedere Trading,
lever,callan,Callan,
lever,cgsfederal,CGS Federal (Contact Government Services),
lever,colibrigroup,Colibri Group,
lever,crestoperations,Crest Industries,
lever,cscgeneration-2,CSC Generation,
lever,curai,Curai,
lever,datalabusa,Datalab USA,
lever,demiurgestudios,Demiurge Studios,
lever,diversified-automation,Diversified Automation,
lever,dynamiccatholic,Dynamic Catholic,
lever,ekimetrics,Ekimetrics,
lever,eqbank,Equitable Bank,
lever,erg,Eastern Research Group,
lever,evr,Elk Valley Resources,
lever,field-ai,Field AI,
lever,findigs,Findigs,
lever,fiscalnote,FiscalNote,
lever,glsllc,Global Lending Services,
lever,gmo,GMO,
lever,go-cloudforce,Cloudforce,
lever,gomaterials,GoMaterials,
lever,hatchit,Hatch IT,
lever,hermeus,Hermeus,
lever,hhaexchange,hhaexchange,
lever,hive,Hive,
lever,hsag,Health Services Advisory Group,
lever,humble-robotics,Humble Robotics,
lever,ifm-us,Institute of Foundation Models,
lever,immuta,Immuta,
lever,intropic,Intropic,
lever,ion,ION Group,
lever,ivo,Ivo,
lever,kepler,Kepler Communications,
lever,kitware,Kitware,
lever,loftorbital,Loft Orbital,
lever,lumotive,Lumotive,
lever,make-rain,Rainmaker,
lever,matchgroup,Match Group,
lever,mirego,Mirego,
lever,mulliganfunding,Mulligan Funding,
lever,multiplylabs,Multiply Labs,
lever,neighbor,Neighbor,
lever,nobullproject,Nobull,
lever,omnidesigntech,Omni Design Technologies,
lever,optionmetrics,OptionMetrics,
lever,palantir,Palantir,
lever,patchmypc,Patch My PC,
lever,pentagrp,Penta Group,
lever,plus-2,PlusAI,
lever,promiserobotics,Promise Robotics,
lever,protective,Protective Life,
lever,pyka,Pyka,
lever,rai,Robotics and AI Institute,
lever,ravl_io,RAVL,
lever,revenueanalytics,Revenue Analytics,
lever,rigetti,Rigetti,
lever,rover,Rover,
lever,runlaminar,Laminar,
lever,rws,RWS,
lever,salesdemo-jr,Parkdepot,
lever,schmidt-entities,Schmidt Sciences,
lever,sep,SEP,
lever,shieldai,Shield AI,
lever,shopback-2,ShopBack,
lever,shyftlabs,ShyftLabs,
lever,solopulseco,SoloPulse,
lever,spotify,Spotify,
lever,sprymethods,Spry Methods,
lever,standtogether,Stand Together,
lever,steerbridge,SteerBridge,
lever,synergyecp,Synergy ECP,
lever,theinformationlab,The Information Lab,
lever,thinkahead,AHEAD,
lever,tri,Toyota Research Institute,
lever,true-environmental,True Environmental,
lever,tsmg,TSMG,
lever,tutorintelligence,Tutor Intelligence,
lever,upscale-ai,Upscale AI,
lever,veeva,Veeva Systems,
lever,vitana-pediatric,Vitana Pediatric & Orthodontic Partners,
lever,wachter,Wachter,
lever,weloglobal,Welo Global,
lever,wepclinical,WEP Clinical,
lever,weride,WeRide,
lever,wintermute-trading,Wintermute,
lever,wisdomtree,WisdomTree,
lever,wyetechllc,Wyetech,
lever,xcimer,Xcimer Energy,
lever,zoox,Zoox,
lever,zopa,Zopa,
smartrecruiters,9to9SoftwareSolutionsLLC,9to9 Software Solutions,
smartrecruiters,AECOM2,AECOM,
smartrecruiters,ALTEN,ALTEN Mexico,
smartrecruiters,AbbVie,AbbVie,
smartrecruiters,AccentureFederalServices,Accenture,
smartrecruiters,AeroVect,AeroVect,
smartrecruiters,AlphaNexusGroup,Alpha Nexus Group,
smartrecruiters,AmNetServicesInc,AmNet Services,
smartrecruiters,AmpleInsightInc,Ample Insight,
smartrecruiters,AristaNetworks,Arista Networks,
smartrecruiters,AtriaGroupLLC,Atria Group,
smartrecruiters,AveryDennison,Avery Dennison,
smartrecruiters,AxleInformaticsLLC,Axle,
smartrecruiters,BAESystems3,BAE Systems,
smartrecruiters,BCforward3,BCforward,
smartrecruiters,Blinqlabs,BlinqLABS,
smartrecruiters,BoschGroup,Bosch Home Comfort,
smartrecruiters,CROSSMARK1,CROSSMARK,
smartrecruiters,CapTechConsulting,CapTech Consulting,
smartrecruiters,ClinicalInk,Clinical Ink,
smartrecruiters,CoServeGlobalSolutions,CoServe Global Solutions,
smartrecruiters,Codeage,Codeage,
smartrecruiters,CrownInnovationsInc,Crown Innovations,
smartrecruiters,CustomShow,Zoomifier,
smartrecruiters,DPDGroupUK1,DPD UK,
smartrecruiters,DataCloudMerge,Data Cloud Merge,
smartrecruiters,DellforTechnologies,DellFor Technologies,
smartrecruiters,DieselLaptops,Diesel Laptops,
smartrecruiters,Dominos,Domino's,
smartrecruiters,DunnSolutionsGroup,Dunn Solutions Group,
smartrecruiters,EncephaloInvestments,Encephalo Investments,
smartrecruiters,Eurofins,Eurofins,
smartrecruiters,FannieMae1SB,Fannie Mae,
smartrecruiters,FortuneBrands,Fortune Brands,
smartrecruiters,GDMSI,General Dynamics UK,
smartrecruiters,HardinDesign,Hardin Design,
smartrecruiters,HuckAdventures,Huck Adventures,
smartrecruiters,InbulksCorp,Inbulks,
smartrecruiters,InfiniteQuant,InfiniteQuant,
smartrecruiters,Info-Ways,Infoways,
smartrecruiters,InfojiniInc1,Infojini,
smartrecruiters,Interco,Interco,
smartrecruiters,Intuitive,Intuitive Surgical,
smartrecruiters,JobsForHumanity,Jobs for Humanity,
smartrecruiters,Jobsbridge1,Jobsbridge,
smartrecruiters,KOSTALGroup,KOSTAL Group,
smartrecruiters,Keenfinity,Keenfinity,
smartrecruiters,Kioxia,Kioxia,
smartrecruiters,KnobelsdorffEnterprises,Knobelsdorff Enterprises,
smartrecruiters,LLNL,Lawrence Livermore National Laboratory (LLNL),
smartrecruiters,Laxir1,LAXIR,
smartrecruiters,Loram1,Loram,
smartrecruiters,LuxeMediaLLC,Felix Magazine,
smartrecruiters,M3USA,M3USA,
smartrecruiters,Mapjectscom,Mapjects,
smartrecruiters,MarlabsInc1,Marlabs,
smartrecruiters,MyriadGenetics1,Myriad Genetics,
smartrecruiters,NationalSoftwareManagement1,National Software Management,
smartrecruiters,NextCenturyCorporation,CACI,
smartrecruiters,NielsenIQ,NielsenIQ,
smartrecruiters,NorthStarStaffingSolutions1,North Star Staffing Solutions,
smartrecruiters,NorthwesternMutual,Northwestern Mutual,
smartrecruiters,PQ,PQ,
smartrecruiters,PilotCompany,Pilot Company,
smartrecruiters,PositionImagingInc,Position Imaging,
smartrecruiters,PresidencySolutions1,Presidency Solutions,
smartrecruiters,ProcomServices,Procom,
smartrecruiters,ProximateTechnologiesInc1,Proximate Technologies,
smartrecruiters,QANALYSTSLLC2,QualityAI,
smartrecruiters,RESPECInc,RESPEC,
smartrecruiters,RadiusLimited,Radius Telematics,
smartrecruiters,RegDeskInc,RegDesk,
smartrecruiters,RenesasElectronics,Renesas Electronics,
smartrecruiters,Resultant,Resultant,
smartrecruiters,SATechnologiesInc4,SA Technologies,
smartrecruiters,SGS,Société Générale de Surveillance,
smartrecruiters,SOCOTECUKIreland,SOCOTEC UK & Ireland,
smartrecruiters,SOSi1,SOSi,
smartrecruiters,SQexpetsLLC,Software Quality Experts,
smartrecruiters,SajixSoftwareSolutionPrivateLimited,Sajix,
smartrecruiters,SaxonGlobal,Saxon Global,
smartrecruiters,ServiceNow,ServiceNow,
smartrecruiters,Sia,Sia Partners,
smartrecruiters,SightCall,SightCall,
smartrecruiters,SiglaLLC,Sigla,
smartrecruiters,Skyward1,Skyward,
smartrecruiters,SmarterAgent,Smarter Agent,
smartrecruiters,SmithsGroup2,Smiths Detection,
smartrecruiters,Socotec,SOCOTEC Global,
smartrecruiters,Solidigm,Solidigm,
smartrecruiters,SopraSteria1,Sopra Steria,
smartrecruiters,SourceDirectTalent,SourceDirect Talent,
smartrecruiters,Sportradar,Sportradar,
smartrecruiters,SteelEye,SteelEye,
smartrecruiters,StemXpert1,STEM Xpert,
smartrecruiters,TTP1,TTP,
smartrecruiters,Tenergy,Tenergy,
smartrecruiters,ThoughtForge,Thought Forge,
smartrecruiters,TrafficCast,Iteris,
smartrecruiters,TruvenHealthAnalyticsanIBMCompany,Merative,
smartrecruiters,ValeoFoods,Valeo Foods,
smartrecruiters,Versant3,Versant,
smartrecruiters,VusionGroupSA,Vusion,
smartrecruiters,WabashValleyPowerAlliance,Wabash Valley Power Alliance,
smartrecruiters,Wabtec,Wabtec,
smartrecruiters,WellmarkInc,Wellmark,
smartrecruiters,WesternDigital,Western Digital,
smartrecruiters,Winsupply1,Winsupply,
smartrecruiters,Zoro,Zoro,
smartrecruiters,barkbackLlc,Barkback,
smartrecruiters,iFLIP4,iFLIP4,
smartrecruiters,systemCanadaTechnologies,System Canada Technologies,
workable,accora,Accora,
workable,ageo,AGEO Autonomy,
workable,alphax,AlphaHire,
workable,arena-investors-lp,Arena Investors I Quaestor Advisors,
workable,arondite,Arondite,
workable,avalore,Avalore,
workable,bestex-research,BestEx Research,
workable,bff,Best Friend Finance,
workable,brady-martz,Brady Martz,
workable,cadillacf1team,Cadillac Formula 1 Team,
workable,capula-investment-management-ltd,Capula,
workable,cloudfactory,CloudFactory,
workable,cogna,Cogna,
workable,coldquanta,Infleqtion,
workable,connectprep,ConnectPrep,
workable,coretek-services,Coretek Services,
workable,cwill-us,CWILL,
workable,disa-technologies,DISA Technologies,
workable,eagle-seven,Eagle Seven,
workable,ecareers,e-Careers,
workable,eluvio,Eluvio,
workable,enfos-inc,ENFOS,
workable,esgusa,ESG - USA,
workable,fasanara,Fasanara,
workable,financeit,Financeit,
workable,flexcompute,Flexcompute,
workable,focusrite,The Focusrite Group,
workable,genetec-inc,Genetec,
workable,grayce,Grayce,
workable,homey,Homey,
workable,interimage,InterImage,
workable,javelin-global-commodities,Javelin Global Commodities,
workable,longshot-systems-ltd,Longshot Systems,
workable,lovingly,Lovingly,
workable,luminance-1,Luminance,
workable,mila-2,Montreal Institute for Learning Algorithms,
workable,mindex,Mindex,
workable,modash,Modash.io,
workable,mustard-systems,Mustard Systems,
workable,nu-quantum,Nu Quantum,
workable,oceancomm,OceanComm,
workable,onlogic-inc,OnLogic,
workable,onyx-capital-group,Onyx Capital Group,
workable,oxford-quantum-circuits-8,Oxford Quantum Circuits,
workable,perryhomes,Perry Homes,
workable,pony-dot-ai,pony.ai,
workable,portswigger,Portswigger,
workable,raveaerospace,RAVE Aerospace,
workable,responsiveads-inc,ResponsiveAds,
workable,saalex,Saalex,
workable,scitec,SciTec,
workable,scout-clean-energy,Scout Clean Energy,
workable,seeq,Seeq,
workable,skygig,SkyGig,
workable,somerce,Somerce,
workable,sorting-robotics,Sorting Robotics,
workable,staffordgray,Stafford Gray,
workable,syntiant,Syntiant,
workable,szns,SZNS Solutions,
workable,texas-sports-academy-main,Texas Sports Academy,
workable,the-anywhere-company,The Anywhere,
workable,theshipyard,The Shipyard,
workable,tickpick,TickPick,
workable,tmeic-corporation-americas,TMEIC,
workable,tp-link-usa-corp,TP-Link Systems,
workable,trexquant,Trexquant,
workable,twgai,TWG Global,
workable,ubds,UBDS Group,
workable,wallstreetquants,WallStreetQuants,
workable,zaber,Zaber Technologies,
